Time Series ID,Data Point Date,Value,Comp TS Value,Is Proxy,Proxy Comments,Approved By
7.2E+12,01/01/2007,1.1464,,,,
7.2E+12,01/02/2007,1.1464,,,,
7.2E+12,01/03/2007,1.1464,,,,
7.2E+12,01/04/2007,1.1464,,,,
7.2E+12,01/05/2007,1.1464,,,,
7.2E+12,01/08/2007,1.1464,,,,
7.2E+12,01/09/2007,1.1464,,,,
7.2E+12,01/10/2007,1.1464,,,,
7.2E+12,01/11/2007,1.1464,,,,
7.2E+12,01/12/2007,1.1464,,,,
7.2E+12,01/15/2007,1.1464,,,,
7.2E+12,01/16/2007,1.1413,,,,
7.2E+12,01/17/2007,1.1413,,,,
7.2E+12,01/18/2007,1.1413,,,,
7.2E+12,01/19/2007,1.1413,,,,
7.2E+12,01/22/2007,1.1413,,,,
7.2E+12,01/23/2007,1.1413,,,,
7.2E+12,01/24/2007,1.1413,,,,
7.2E+12,01/25/2007,1.1413,,,,
7.2E+12,01/26/2007,1.1413,,,,
7.2E+12,01/29/2007,1.1413,,,,
7.2E+12,01/30/2007,1.1464,,,,
7.2E+12,01/31/2007,1.1464,,,,
7.2E+12,02/01/2007,1.1464,,,,
7.2E+12,02/02/2007,1.1464,,,,
7.2E+12,02/05/2007,1.1514,,,,
7.2E+12,02/06/2007,1.1514,,,,
7.2E+12,02/07/2007,1.1514,,,,
7.2E+12,02/08/2007,1.1514,,,,
7.2E+12,02/09/2007,1.1514,,,,
7.2E+12,02/12/2007,1.1514,,,,
7.2E+12,02/13/2007,1.1514,,,,
7.2E+12,02/14/2007,1.1514,,,,
7.2E+12,02/15/2007,1.1514,,,,
7.2E+12,02/16/2007,1.1514,,,,
7.2E+12,02/19/2007,1.1514,,,,
7.2E+12,02/20/2007,1.1514,,,,
7.2E+12,02/21/2007,1.1514,,,,
7.2E+12,02/22/2007,1.1514,,,,
7.2E+12,02/23/2007,1.1514,,,,
7.2E+12,02/26/2007,1.1464,,,,
7.2E+12,02/27/2007,1.1464,,,,
7.2E+12,02/28/2007,1.1464,,,,
7.2E+12,03/01/2007,1.1464,,,,
7.2E+12,03/02/2007,1.1464,,,,
7.2E+12,03/05/2007,1.1464,,,,
7.2E+12,03/06/2007,1.1514,,,,
7.2E+12,03/07/2007,1.1514,,,,
7.2E+12,03/08/2007,1.1514,,,,
7.2E+12,03/09/2007,1.1514,,,,
7.2E+12,03/12/2007,1.1464,,,,
7.2E+12,03/13/2007,1.1464,,,,
7.2E+12,03/14/2007,1.1464,,,,
7.2E+12,03/15/2007,1.1464,,,,
7.2E+12,03/16/2007,1.1464,,,,
7.2E+12,03/19/2007,1.1464,,,,
7.2E+12,03/20/2007,1.1464,,,,
7.2E+12,03/21/2007,1.1514,,,,
7.2E+12,03/22/2007,1.1514,,,,
7.2E+12,03/23/2007,1.1514,,,,
7.2E+12,03/26/2007,1.1514,,,,
7.2E+12,03/27/2007,1.1514,,,,
7.2E+12,03/28/2007,1.1514,,,,
7.2E+12,03/29/2007,1.1514,,,,
7.2E+12,03/30/2007,1.1514,,,,
7.2E+12,04/02/2007,1.1514,,,,
7.2E+12,04/03/2007,1.1514,,,,
7.2E+12,04/04/2007,1.1514,,,,
7.2E+12,04/05/2007,1.1514,,,,
7.2E+12,04/06/2007,1.1514,,,,
7.2E+12,04/09/2007,1.1514,,,,
7.2E+12,04/10/2007,1.1514,,,,
7.2E+12,04/11/2007,1.1464,,,,
7.2E+12,04/12/2007,1.1464,,,,
7.2E+12,04/13/2007,1.1464,,,,
7.2E+12,04/16/2007,1.1464,,,,
7.2E+12,04/17/2007,1.1464,,,,
7.2E+12,04/18/2007,1.1464,,,,
7.2E+12,04/19/2007,1.1464,,,,
7.2E+12,04/20/2007,1.1464,,,,
7.2E+12,04/23/2007,1.1464,,,,
7.2E+12,04/24/2007,1.1464,,,,
7.2E+12,04/25/2007,1.1464,,,,
7.2E+12,04/26/2007,1.1464,,,,
7.2E+12,04/27/2007,1.1464,,,,
7.2E+12,04/30/2007,1.1464,,,,
7.2E+12,05/01/2007,1.1464,,,,
7.2E+12,05/02/2007,1.1464,,,,
7.2E+12,05/03/2007,1.1464,,,,
7.2E+12,05/04/2007,1.1464,,,,
7.2E+12,05/07/2007,1.1464,,,,
7.2E+12,05/08/2007,1.1464,,,,
7.2E+12,05/09/2007,1.1464,,,,
7.2E+12,05/10/2007,1.1464,,,,
7.2E+12,05/11/2007,1.1464,,,,
7.2E+12,05/14/2007,1.1464,,,,
7.2E+12,05/15/2007,1.1464,,,,
7.2E+12,05/16/2007,1.1464,,,,
7.2E+12,05/17/2007,1.1464,,,,
7.2E+12,05/18/2007,1.1464,,,,
7.2E+12,05/21/2007,1.1464,,,,
7.2E+12,05/22/2007,1.1464,,,,
7.2E+12,05/23/2007,1.1464,,,,
7.2E+12,05/24/2007,1.1464,,,,
7.2E+12,05/25/2007,1.1464,,,,
7.2E+12,05/28/2007,1.1464,,,,
7.2E+12,05/29/2007,1.1464,,,,
7.2E+12,05/30/2007,1.1464,,,,
7.2E+12,05/31/2007,1.1464,,,,
7.2E+12,06/01/2007,1.1464,,,,
7.2E+12,06/04/2007,1.1464,,,,
7.2E+12,06/05/2007,1.1464,,,,
7.2E+12,06/06/2007,1.1464,,,,
7.2E+12,06/07/2007,1.1464,,,,
7.2E+12,06/08/2007,1.1464,,,,
7.2E+12,06/11/2007,1.1464,,,,
7.2E+12,06/12/2007,1.1464,,,,
7.2E+12,06/13/2007,1.1514,,,,
7.2E+12,06/14/2007,1.1514,,,,
7.2E+12,06/15/2007,1.1514,,,,
7.2E+12,06/18/2007,1.1514,,,,
7.2E+12,06/19/2007,1.1464,,,,
7.2E+12,06/20/2007,1.1464,,,,
7.2E+12,06/21/2007,1.1464,,,,
7.2E+12,06/22/2007,1.1514,,,,
7.2E+12,06/25/2007,1.1464,,,,
7.2E+12,06/26/2007,1.1464,,,,
7.2E+12,06/27/2007,1.1464,,,,
7.2E+12,06/28/2007,1.1464,,,,
7.2E+12,06/29/2007,1.1464,,,,
7.2E+12,07/02/2007,1.1464,,,,
7.2E+12,07/03/2007,1.1464,,,,
7.2E+12,07/04/2007,1.1464,,,,
7.2E+12,07/05/2007,1.1464,,,,
7.2E+12,07/06/2007,1.1464,,,,
7.2E+12,07/09/2007,1.1514,,,,
7.2E+12,07/10/2007,1.1464,,,,
7.2E+12,07/11/2007,1.1464,,,,
7.2E+12,07/12/2007,1.1464,,,,
7.2E+12,07/13/2007,1.1464,,,,
7.2E+12,07/16/2007,1.1464,,,,
7.2E+12,07/17/2007,1.1464,,,,
7.2E+12,07/18/2007,1.1464,,,,
7.2E+12,07/19/2007,1.1464,,,,
7.2E+12,07/20/2007,1.1464,,,,
7.2E+12,07/23/2007,1.1464,,,,
7.2E+12,07/24/2007,1.1464,,,,
7.2E+12,07/25/2007,1.1464,,,,
7.2E+12,07/26/2007,1.1464,,,,
7.2E+12,07/27/2007,1.1464,,,,
7.2E+12,07/30/2007,1.1464,,,,
7.2E+12,07/31/2007,1.1464,,,,
7.2E+12,08/01/2007,1.1464,,,,
7.2E+12,08/02/2007,1.1464,,,,
7.2E+12,08/03/2007,1.1464,,,,
7.2E+12,08/06/2007,1.1464,,,,
7.2E+12,08/07/2007,1.1464,,,,
7.2E+12,08/08/2007,1.1464,,,,
7.2E+12,08/09/2007,1.1464,,,,
7.2E+12,08/10/2007,1.1464,,,,
7.2E+12,08/13/2007,1.1464,,,,
7.2E+12,08/14/2007,1.1464,,,,
7.2E+12,08/15/2007,1.1464,,,,
7.2E+12,08/16/2007,1.1464,,,,
7.2E+12,08/17/2007,1.1464,,,,
7.2E+12,08/20/2007,1.1464,,,,
7.2E+12,08/21/2007,1.1464,,,,
7.2E+12,08/22/2007,1.1464,,,,
7.2E+12,08/23/2007,1.1464,,,,
7.2E+12,08/24/2007,1.1464,,,,
7.2E+12,08/27/2007,1.1464,,,,
7.2E+12,08/28/2007,1.1464,,,,
7.2E+12,08/29/2007,1.1464,,,,
7.2E+12,08/30/2007,1.1464,,,,
7.2E+12,08/31/2007,1.1464,,,,
7.2E+12,09/03/2007,1.1464,,,,
7.2E+12,09/04/2007,1.1464,,,,
7.2E+12,09/05/2007,1.1464,,,,
7.2E+12,09/06/2007,1.1464,,,,
7.2E+12,09/07/2007,1.1464,,,,
7.2E+12,09/10/2007,1.1464,,,,
7.2E+12,09/11/2007,1.1464,,,,
7.2E+12,09/12/2007,1.1464,,,,
7.2E+12,09/13/2007,1.1464,,,,
7.2E+12,09/14/2007,1.1464,,,,
7.2E+12,09/17/2007,1.1464,,,,
7.2E+12,09/18/2007,1.1464,,,,
7.2E+12,09/19/2007,1.1464,,,,
7.2E+12,09/20/2007,1.1464,,,,
7.2E+12,09/21/2007,1.1464,,,,
7.2E+12,09/24/2007,1.1464,,,,
7.2E+12,09/25/2007,1.1464,,,,
7.2E+12,09/26/2007,1.1464,,,,
7.2E+12,09/27/2007,1.1464,,,,
7.2E+12,09/28/2007,1.1464,,,,
7.2E+12,10/01/2007,1.1464,,,,
7.2E+12,10/02/2007,1.1464,,,,
7.2E+12,10/03/2007,1.1464,,,,
7.2E+12,10/04/2007,1.1464,,,,
7.2E+12,10/05/2007,1.1464,,,,
7.2E+12,10/08/2007,1.1464,,,,
7.2E+12,10/09/2007,1.1464,,,,
7.2E+12,10/10/2007,1.1464,,,,
7.2E+12,10/11/2007,1.1464,,,,
7.2E+12,10/12/2007,1.1464,,,,
7.2E+12,10/15/2007,1.1464,,,,
7.2E+12,10/16/2007,1.1464,,,,
7.2E+12,10/17/2007,1.1464,,,,
7.2E+12,10/18/2007,1.1464,,,,
7.2E+12,10/19/2007,1.1464,,,,
7.2E+12,10/22/2007,1.1464,,,,
7.2E+12,10/23/2007,1.1464,,,,
7.2E+12,10/24/2007,1.1464,,,,
7.2E+12,10/25/2007,1.1464,,,,
7.2E+12,10/26/2007,1.1464,,,,
7.2E+12,10/29/2007,1.1464,,,,
7.2E+12,10/30/2007,1.1464,,,,
7.2E+12,10/31/2007,1.1464,,,,
7.2E+12,11/01/2007,1.1464,,,,
7.2E+12,11/02/2007,1.1464,,,,
7.2E+12,11/05/2007,1.1464,,,,
7.2E+12,11/06/2007,1.1464,,,,
7.2E+12,11/07/2007,1.1464,,,,
7.2E+12,11/08/2007,1.1464,,,,
7.2E+12,11/09/2007,1.1464,,,,
7.2E+12,11/12/2007,1.1464,,,,
7.2E+12,11/13/2007,1.1464,,,,
7.2E+12,11/14/2007,1.1464,,,,
7.2E+12,11/15/2007,1.1464,,,,
7.2E+12,11/16/2007,1.1464,,,,
7.2E+12,11/19/2007,1.1464,,,,
7.2E+12,11/20/2007,1.1464,,,,
7.2E+12,11/21/2007,1.1464,,,,
7.2E+12,11/22/2007,1.1464,,,,
7.2E+12,11/23/2007,1.1464,,,,
7.2E+12,11/26/2007,1.1464,,,,
7.2E+12,11/27/2007,1.1464,,,,
7.2E+12,11/28/2007,1.1464,,,,
7.2E+12,11/29/2007,1.1464,,,,
7.2E+12,11/30/2007,1.1464,,,,
7.2E+12,12/03/2007,1.1464,,,,
7.2E+12,12/04/2007,1.1464,,,,
7.2E+12,12/05/2007,1.1464,,,,
7.2E+12,12/06/2007,1.1464,,,,
7.2E+12,12/07/2007,1.1464,,,,
7.2E+12,12/10/2007,1.1464,,,,
7.2E+12,12/11/2007,1.1464,,,,
7.2E+12,12/12/2007,1.1464,,,,
7.2E+12,12/13/2007,1.1464,,,,
7.2E+12,12/14/2007,1.1464,,,,
7.2E+12,12/17/2007,1.1464,,,,
7.2E+12,12/18/2007,1.1464,,,,
7.2E+12,12/19/2007,1.1464,,,,
7.2E+12,12/20/2007,1.1464,,,,
7.2E+12,12/21/2007,1.1464,,,,
7.2E+12,12/24/2007,1.1464,,,,
7.2E+12,12/25/2007,1.1464,,,,
7.2E+12,12/26/2007,1.1464,,,,
7.2E+12,12/27/2007,1.1464,,,,
7.2E+12,12/28/2007,1.1464,,,,
7.2E+12,12/31/2007,1.1464,,,,
7.2E+12,01/01/2008,1.1464,,,,
7.2E+12,01/02/2008,1.1464,,,,
7.2E+12,01/03/2008,1.1464,,,,
7.2E+12,01/04/2008,1.1464,,,,
7.2E+12,01/07/2008,1.1464,,,,
7.2E+12,01/08/2008,1.1464,,,,
7.2E+12,01/09/2008,1.1464,,,,
7.2E+12,01/10/2008,1.1464,,,,
7.2E+12,01/11/2008,1.1464,,,,
7.2E+12,01/14/2008,1.1464,,,,
7.2E+12,01/15/2008,1.1464,,,,
7.2E+12,01/16/2008,1.1464,,,,
7.2E+12,01/17/2008,1.1464,,,,
7.2E+12,01/18/2008,1.1464,,,,
7.2E+12,01/21/2008,1.1464,,,,
7.2E+12,01/22/2008,1.1464,,,,
7.2E+12,01/23/2008,1.1464,,,,
7.2E+12,01/24/2008,1.1413,,,,
7.2E+12,01/25/2008,1.1413,,,,
7.2E+12,01/28/2008,1.1413,,,,
7.2E+12,01/29/2008,1.1413,,,,
7.2E+12,01/30/2008,1.1413,,,,
7.2E+12,01/31/2008,1.1413,,,,
7.2E+12,02/01/2008,1.7978,,,,
7.2E+12,02/04/2008,1.7978,,,,
7.2E+12,02/05/2008,1.7978,,,,
7.2E+12,02/06/2008,1.7978,,,,
7.2E+12,02/07/2008,1.7978,,,,
7.2E+12,02/08/2008,1.7978,,,,
7.2E+12,02/11/2008,1.7978,,,,
7.2E+12,02/12/2008,1.7978,,,,
7.2E+12,02/13/2008,1.7978,,,,
7.2E+12,02/14/2008,1.7978,,,,
7.2E+12,02/15/2008,1.7978,,,,
7.2E+12,02/18/2008,1.7978,,,,
7.2E+12,02/19/2008,1.7978,,,,
7.2E+12,02/20/2008,1.7978,,,,
7.2E+12,02/21/2008,1.7978,,,,
7.2E+12,02/22/2008,1.7978,,,,
7.2E+12,02/25/2008,1.8029,,,,
7.2E+12,02/26/2008,1.8029,,,,
7.2E+12,02/27/2008,1.8029,,,,
7.2E+12,02/28/2008,1.8029,,,,
7.2E+12,02/29/2008,1.9695,,,,
7.2E+12,03/03/2008,1.9695,,,,
7.2E+12,03/04/2008,1.9695,,,,
7.2E+12,03/05/2008,1.9695,,,,
7.2E+12,03/06/2008,1.9695,,,,
7.2E+12,03/07/2008,1.9695,,,,
7.2E+12,03/10/2008,1.9645,,,,
7.2E+12,03/11/2008,1.9645,,,,
7.2E+12,03/12/2008,1.9645,,,,
7.2E+12,03/13/2008,1.9645,,,,
7.2E+12,03/14/2008,1.9645,,,,
7.2E+12,03/17/2008,1.9645,,,,
7.2E+12,03/18/2008,1.9645,,,,
7.2E+12,03/19/2008,1.9645,,,,
7.2E+12,03/20/2008,2.2927,,,,
7.2E+12,03/21/2008,2.2927,,,,
7.2E+12,03/24/2008,2.2927,,,,
7.2E+12,03/25/2008,2.2927,,,,
7.2E+12,03/26/2008,2.2927,,,,
7.2E+12,03/27/2008,2.2927,,,,
7.2E+12,03/28/2008,2.2927,,,,
7.2E+12,03/31/2008,3.1108,,,,
7.2E+12,04/01/2008,3.1108,,,,
7.2E+12,04/02/2008,3.1108,,,,
7.2E+12,04/03/2008,3.105,,,,
7.2E+12,04/04/2008,3.105,,,,
7.2E+12,04/07/2008,3.03,,,,
7.2E+12,04/08/2008,3.085,,,,
7.2E+12,04/09/2008,3.105,,,,
7.2E+12,04/10/2008,3.05,,,,
7.2E+12,04/11/2008,3.065,,,,
7.2E+12,04/14/2008,3.095,,,,
7.2E+12,04/15/2008,3.11,,,,
7.2E+12,04/16/2008,3.105,,,,
7.2E+12,04/17/2008,3.095,,,,
7.2E+12,04/18/2008,3.105,,,,
7.2E+12,04/21/2008,3.11,,,,
7.2E+12,04/22/2008,3.11,,,,
7.2E+12,04/23/2008,3.105,,,,
7.2E+12,04/24/2008,3.105,,,,
7.2E+12,04/25/2008,3.105,,,,
7.2E+12,04/28/2008,3.09,,,,
7.2E+12,04/29/2008,3.105,,,,
7.2E+12,04/30/2008,2.965,,,,
7.2E+12,05/01/2008,2.195,,,,
7.2E+12,05/02/2008,2.225,,,,
7.2E+12,05/05/2008,2.27,,,,
7.2E+12,05/06/2008,2.235,,,,
7.2E+12,05/07/2008,1.51,,,,
7.2E+12,05/08/2008,2.135,,,,
7.2E+12,05/09/2008,2.195,,,,
7.2E+12,05/12/2008,2.26,,,,
7.2E+12,05/13/2008,2.29,,,,
7.2E+12,05/14/2008,2.24,,,,
7.2E+12,05/15/2008,2.21,,,,
7.2E+12,05/16/2008,2.17,,,,
7.2E+12,05/19/2008,2.3,,,,
7.2E+12,05/20/2008,2.295,,,,
7.2E+12,05/21/2008,2.285,,,,
7.2E+12,05/22/2008,2.28,,,,
7.2E+12,05/23/2008,2.265,,,,
7.2E+12,05/26/2008,2.29,,,,
7.2E+12,05/27/2008,2.295,,,,
7.2E+12,05/28/2008,2.2875,,,,
7.2E+12,05/29/2008,2.2875,,,,
7.2E+12,05/30/2008,2.2825,,,,
7.2E+12,06/02/2008,2.295,,,,
7.2E+12,06/03/2008,2.295,,,,
7.2E+12,06/04/2008,2.2925,,,,
7.2E+12,06/05/2008,2.2875,,,,
7.2E+12,06/06/2008,2.2925,,,,
7.2E+12,06/09/2008,2.2975,,,,
7.2E+12,06/10/2008,2.1925,,,,
7.2E+12,06/11/2008,2.2075,,,,
7.2E+12,06/12/2008,2.2875,,,,
7.2E+12,06/13/2008,2.2925,,,,
7.2E+12,06/16/2008,2.3025,,,,
7.2E+12,06/17/2008,2.2925,,,,
7.2E+12,06/18/2008,2.2925,,,,
7.2E+12,06/19/2008,2.2875,,,,
7.2E+12,06/20/2008,2.285,,,,
7.2E+12,06/23/2008,2.2875,,,,
7.2E+12,06/24/2008,2.2825,,,,
7.2E+12,06/25/2008,1.62,,,,
7.2E+12,06/26/2008,1.8025,,,,
7.2E+12,06/27/2008,1.5275,,,,
7.2E+12,06/30/2008,1.5575,,,,
7.2E+12,07/01/2008,1.405,,,,
7.2E+12,07/02/2008,1.2675,,,,
7.2E+12,07/03/2008,1.2475,,,,
7.2E+12,07/04/2008,1.045,,,,
7.2E+12,07/07/2008,2.1525,,,,
7.2E+12,07/08/2008,2.2025,,,,
7.2E+12,07/09/2008,2.155,,,,
7.2E+12,07/10/2008,2.23,,,,
7.2E+12,07/11/2008,2.2325,,,,
7.2E+12,07/14/2008,2.2675,,,,
7.2E+12,07/15/2008,2.2525,,,,
7.2E+12,07/16/2008,2.2375,,,,
7.2E+12,07/17/2008,2.2725,,,,
7.2E+12,07/18/2008,2.2425,,,,
7.2E+12,07/21/2008,2.2625,,,,
7.2E+12,07/22/2008,2.2325,,,,
7.2E+12,07/23/2008,2.2475,,,,
7.2E+12,07/24/2008,2.2425,,,,
7.2E+12,07/25/2008,2.2275,,,,
7.2E+12,07/28/2008,2.2575,,,,
7.2E+12,07/29/2008,2.2325,,,,
7.2E+12,07/30/2008,2.2325,,,,
7.2E+12,07/31/2008,2.2825,,,,
7.2E+12,08/01/2008,2.2725,,,,
7.2E+12,08/04/2008,2.2825,,,,
7.2E+12,08/05/2008,2.2775,,,,
7.2E+12,08/06/2008,2.1925,,,,
7.2E+12,08/07/2008,2.2,,,,
7.2E+12,08/08/2008,2.1975,,,,
7.2E+12,08/11/2008,2.1975,,,,
7.2E+12,08/12/2008,2.2525,,,,
7.2E+12,08/13/2008,2.2125,,,,
7.2E+12,08/14/2008,2.1975,,,,
7.2E+12,08/15/2008,2.1625,,,,
7.2E+12,08/18/2008,2.2275,,,,
7.2E+12,08/19/2008,2.2575,,,,
7.2E+12,08/20/2008,2.23,,,,
7.2E+12,08/21/2008,2.1975,,,,
7.2E+12,08/22/2008,2.1975,,,,
7.2E+12,08/25/2008,2.245,,,,
7.2E+12,08/26/2008,2.2025,,,,
7.2E+12,08/27/2008,2.225,,,,
7.2E+12,08/28/2008,2.195,,,,
7.2E+12,08/29/2008,2.225,,,,
7.2E+12,09/01/2008,2.21,,,,
7.2E+12,09/02/2008,2.235,,,,
7.2E+12,09/03/2008,2.235,,,,
7.2E+12,09/04/2008,2.215,,,,
7.2E+12,09/05/2008,2.2,,,,
7.2E+12,09/08/2008,2.17,,,,
7.2E+12,09/09/2008,2.185,,,,
7.2E+12,09/10/2008,2.265,,,,
7.2E+12,09/11/2008,2.21,,,,
7.2E+12,09/12/2008,2.24,,,,
7.2E+12,09/15/2008,2.175,,,,
7.2E+12,09/16/2008,2.25,,,,
7.2E+12,09/17/2008,2.205,,,,
7.2E+12,09/18/2008,2.205,,,,
7.2E+12,09/19/2008,2.19,,,,
7.2E+12,09/22/2008,2.0525,,,,
7.2E+12,09/23/2008,2.175,,,,
7.2E+12,09/24/2008,2.185,,,,
7.2E+12,09/25/2008,2.175,,,,
7.2E+12,09/26/2008,2.185,,,,
7.2E+12,09/29/2008,2.135,,,,
7.2E+12,09/30/2008,2.185,,,,
7.2E+12,10/01/2008,2.155,,,,
7.2E+12,10/02/2008,2.185,,,,
7.2E+12,10/03/2008,2.165,,,,
7.2E+12,10/06/2008,2.22,,,,
7.2E+12,10/07/2008,2.1575,,,,
7.2E+12,10/08/2008,2.155,,,,
7.2E+12,10/09/2008,2.15,,,,
7.2E+12,10/10/2008,2.1,,,,
7.2E+12,10/13/2008,1.9625,,,,
7.2E+12,10/14/2008,2.245,,,,
7.2E+12,10/15/2008,2.21,,,,
7.2E+12,10/16/2008,2.17,,,,
7.2E+12,10/17/2008,2.1675,,,,
7.2E+12,10/20/2008,2.185,,,,
7.2E+12,10/21/2008,2.1575,,,,
7.2E+12,10/22/2008,3.17,,,,
7.2E+12,10/23/2008,3.235,,,,
7.2E+12,10/24/2008,3.23,,,,
7.2E+12,10/27/2008,3.2,,,,
7.2E+12,10/28/2008,3.1075,,,,
7.2E+12,10/29/2008,3.2975,,,,
7.2E+12,10/30/2008,3.2675,,,,
7.2E+12,10/31/2008,3.2775,,,,
7.2E+12,11/03/2008,3.1525,,,,
7.2E+12,11/04/2008,3.0775,,,,
7.2E+12,11/05/2008,3.0775,,,,
7.2E+12,11/06/2008,3.01,,,,
7.2E+12,11/07/2008,2.91,,,,
7.2E+12,11/10/2008,2.87,,,,
7.2E+12,11/11/2008,3.24,,,,
7.2E+12,11/12/2008,3.03,,,,
7.2E+12,11/13/2008,3.2325,,,,
7.2E+12,11/14/2008,3.15,,,,
7.2E+12,11/17/2008,3.3125,,,,
7.2E+12,11/18/2008,3.36,,,,
7.2E+12,11/19/2008,3.2475,,,,
7.2E+12,11/20/2008,3.18,,,,
7.2E+12,11/21/2008,3.37,,,,
7.2E+12,11/24/2008,3.33,,,,
7.2E+12,11/25/2008,3.27,,,,
7.2E+12,11/26/2008,3.2225,,,,
7.2E+12,11/27/2008,2.9775,,,,
7.2E+12,11/28/2008,2.9425,,,,
7.2E+12,12/01/2008,2.925,,,,
7.2E+12,12/02/2008,2.935,,,,
7.2E+12,12/03/2008,2.92,,,,
7.2E+12,12/04/2008,2.9625,,,,
7.2E+12,12/05/2008,2.9225,,,,
7.2E+12,12/08/2008,2.95,,,,
7.2E+12,12/09/2008,2.935,,,,
7.2E+12,12/10/2008,2.9025,,,,
7.2E+12,12/11/2008,2.8725,,,,
7.2E+12,12/12/2008,3.015,,,,
7.2E+12,12/15/2008,2.96,,,,
7.2E+12,12/16/2008,3.0275,,,,
7.2E+12,12/17/2008,2.97,,,,
7.2E+12,12/18/2008,3.16,,,,
7.2E+12,12/19/2008,3.08,,,,
7.2E+12,12/22/2008,3.0625,,,,
7.2E+12,12/23/2008,3.005,,,,
7.2E+12,12/24/2008,2.985,,,,
7.2E+12,12/25/2008,2.99,,,,
7.2E+12,12/26/2008,2.9225,,,,
7.2E+12,12/29/2008,3.1725,,,,
7.2E+12,12/30/2008,2.79,,,,
7.2E+12,12/31/2008,2.735,,,,
7.2E+12,01/01/2009,2.725,,,,
7.2E+12,01/02/2009,2.735,,,,
7.2E+12,01/05/2009,2.745,,,,
7.2E+12,01/06/2009,2.7675,,,,
7.2E+12,01/07/2009,2.7625,,,,
7.2E+12,01/08/2009,2.7225,,,,
7.2E+12,01/09/2009,2.9,,,,
7.2E+12,01/12/2009,2.825,,,,
7.2E+12,01/13/2009,2.675,,,,
7.2E+12,01/14/2009,2.8475,,,,
7.2E+12,01/15/2009,2.795,,,,
7.2E+12,01/16/2009,2.92,,,,
7.2E+12,01/19/2009,2.8675,,,,
7.2E+12,01/20/2009,2.765,,,,
7.2E+12,01/21/2009,2.81,,,,
7.2E+12,01/22/2009,2.7675,,,,
7.2E+12,01/23/2009,3.0475,,,,
7.2E+12,01/26/2009,2.84,,,,
7.2E+12,01/27/2009,2.8675,,,,
7.2E+12,01/28/2009,2.8625,,,,
7.2E+12,01/29/2009,2.8025,,,,
7.2E+12,01/30/2009,2.8425,,,,
7.2E+12,02/02/2009,2.8475,,,,
7.2E+12,02/03/2009,2.8725,,,,
7.2E+12,02/04/2009,2.905,,,,
7.2E+12,02/05/2009,2.91,,,,
7.2E+12,02/06/2009,3.005,,,,
7.2E+12,02/09/2009,2.85,,,,
7.2E+12,02/10/2009,2.85,,,,
7.2E+12,02/11/2009,2.835,,,,
7.2E+12,02/12/2009,2.8425,,,,
7.2E+12,02/13/2009,2.85,,,,
7.2E+12,02/16/2009,3.0325,,,,
7.2E+12,02/17/2009,2.8925,,,,
7.2E+12,02/18/2009,2.8475,,,,
7.2E+12,02/19/2009,2.8525,,,,
7.2E+12,02/20/2009,2.845,,,,
7.2E+12,02/23/2009,2.855,,,,
7.2E+12,02/24/2009,2.82,,,,
7.2E+12,02/25/2009,2.82,,,,
7.2E+12,02/26/2009,2.815,,,,
7.2E+12,02/27/2009,2.8325,,,,
7.2E+12,03/02/2009,2.8525,,,,
7.2E+12,03/03/2009,2.9275,,,,
7.2E+12,03/04/2009,2.895,,,,
7.2E+12,03/05/2009,3.045,,,,
7.2E+12,03/06/2009,3.1125,,,,
7.2E+12,03/09/2009,2.9625,,,,
7.2E+12,03/10/2009,2.9475,,,,
7.2E+12,03/11/2009,2.6,,,,
7.2E+12,03/12/2009,2.6125,,,,
7.2E+12,03/13/2009,2.6475,,,,
7.2E+12,03/16/2009,2.6325,,,,
7.2E+12,03/17/2009,2.55,,,,
7.2E+12,03/18/2009,2.5625,,,,
7.2E+12,03/19/2009,2.6675,,,,
7.2E+12,03/20/2009,2.7325,,,,
7.2E+12,03/23/2009,2.5525,,,,
7.2E+12,03/24/2009,2.5675,,,,
7.2E+12,03/25/2009,2.58,,,,
7.2E+12,03/26/2009,2.7425,,,,
7.2E+12,03/27/2009,2.5625,,,,
7.2E+12,03/30/2009,2.58,,,,
7.2E+12,03/31/2009,2.64,,,,
7.2E+12,04/01/2009,2.65,,,,
7.2E+12,04/02/2009,2.655,,,,
7.2E+12,04/03/2009,2.665,,,,
7.2E+12,04/06/2009,2.9775,,,,
7.2E+12,04/07/2009,3.02,,,,
7.2E+12,04/08/2009,3.015,,,,
7.2E+12,04/09/2009,3.04,,,,
7.2E+12,04/10/2009,2.93,,,,
7.2E+12,04/13/2009,2.72,,,,
7.2E+12,04/14/2009,2.67,,,,
7.2E+12,04/15/2009,2.665,,,,
7.2E+12,04/16/2009,2.58,,,,
7.2E+12,04/17/2009,2.665,,,,
7.2E+12,04/20/2009,2.665,,,,
7.2E+12,04/21/2009,2.66,,,,
7.2E+12,04/22/2009,2.73,,,,
7.2E+12,04/23/2009,2.745,,,,
7.2E+12,04/24/2009,2.715,,,,
7.2E+12,04/27/2009,2.78,,,,
7.2E+12,04/28/2009,2.715,,,,
7.2E+12,04/29/2009,2.725,,,,
7.2E+12,04/30/2009,2.65,,,,
7.2E+12,05/01/2009,2.7,,,,
7.2E+12,05/04/2009,2.6975,,,,
7.2E+12,05/05/2009,2.8925,,,,
7.2E+12,05/06/2009,3.0775,,,,
7.2E+12,05/07/2009,3.0775,,,,
7.2E+12,05/08/2009,3.0775,,,,
7.2E+12,05/11/2009,3.0775,,,,
7.2E+12,05/12/2009,3.0775,,,,
7.2E+12,05/13/2009,3.0775,,,,
7.2E+12,05/14/2009,3.0775,,,,
7.2E+12,05/15/2009,3.0775,,,,
7.2E+12,05/18/2009,3.0775,,,,
7.2E+12,05/19/2009,3.0775,,,,
7.2E+12,05/20/2009,3.0775,,,,
7.2E+12,05/21/2009,3.0775,,,,
7.2E+12,05/22/2009,3.0775,,,,
7.2E+12,05/25/2009,3.0775,,,,
7.2E+12,05/26/2009,2.59,,,,
7.2E+12,05/27/2009,2.595,,,,
7.2E+12,05/28/2009,2.555,,,,
7.2E+12,05/29/2009,2.58,,,,
7.2E+12,06/01/2009,2.51,,,,
7.2E+12,06/02/2009,2.52,,,,
7.2E+12,06/03/2009,3.33,,,,
7.2E+12,06/04/2009,3.48,,,,
7.2E+12,06/05/2009,3.49,,,,
7.2E+12,06/08/2009,3.49,,,,
7.2E+12,06/09/2009,3.49,,,,
7.2E+12,06/10/2009,3.49,,,,
7.2E+12,06/11/2009,3.49,,,,
7.2E+12,06/12/2009,3.49,,,,
7.2E+12,06/15/2009,3.49,,,,
7.2E+12,06/16/2009,3.49,,,,
7.2E+12,06/17/2009,3.49,,,,
7.2E+12,06/18/2009,3.49,,,,
7.2E+12,06/19/2009,3.49,,,,
7.2E+12,06/22/2009,2.77,,,,
7.2E+12,06/23/2009,3.44,,,,
7.2E+12,06/24/2009,3.53,,,,
7.2E+12,06/25/2009,3.22,,,,
7.2E+12,06/26/2009,3.515,,,,
7.2E+12,06/29/2009,3.46,,,,
7.2E+12,06/30/2009,3.475,,,,
7.2E+12,07/01/2009,3.485,,,,
7.2E+12,07/02/2009,3.425,,,,
7.2E+12,07/03/2009,2.97,,,,
7.2E+12,07/06/2009,2.8825,,,,
7.2E+12,07/07/2009,2.9125,,,,
7.2E+12,07/08/2009,2.845,,,,
7.2E+12,07/09/2009,2.875,,,,
7.2E+12,07/10/2009,2.7775,,,,
7.2E+12,07/13/2009,2.7775,,,,
7.2E+12,07/14/2009,2.7775,,,,
7.2E+12,07/15/2009,2.7775,,,,
7.2E+12,07/16/2009,2.7775,,,,
7.2E+12,07/17/2009,2.7775,,,,
7.2E+12,07/20/2009,2.7775,,,,
7.2E+12,07/21/2009,2.7775,,,,
7.2E+12,07/22/2009,2.7775,,,,
7.2E+12,07/23/2009,2.7775,,,,
7.2E+12,07/24/2009,2.7775,,,,
7.2E+12,07/27/2009,3.345,,,,
7.2E+12,07/28/2009,3.25,,,,
7.2E+12,07/29/2009,3.415,,,,
7.2E+12,07/30/2009,3.345,,,,
7.2E+12,07/31/2009,3.215,,,,
7.2E+12,08/03/2009,2.9375,,,,
7.2E+12,08/04/2009,3.02,,,,
7.2E+12,08/05/2009,2.9025,,,,
7.2E+12,08/06/2009,2.8525,,,,
7.2E+12,08/07/2009,2.9975,,,,
7.2E+12,08/10/2009,2.9975,,,,
7.2E+12,08/11/2009,2.9975,,,,
7.2E+12,08/12/2009,2.9975,,,,
7.2E+12,08/13/2009,2.9975,,,,
7.2E+12,08/14/2009,2.9975,,,,
7.2E+12,08/17/2009,2.9975,,,,
7.2E+12,08/18/2009,2.9975,,,,
7.2E+12,08/19/2009,3.325,,,,
7.2E+12,08/20/2009,3.285,,,,
7.2E+12,08/21/2009,3.075,,,,
7.2E+12,08/24/2009,2.845,,,,
7.2E+12,08/25/2009,2.375,,,,
7.2E+12,08/26/2009,2.515,,,,
7.2E+12,08/27/2009,2.3525,,,,
7.2E+12,08/28/2009,2.2925,,,,
7.2E+12,08/31/2009,2.62,,,,
7.2E+12,09/01/2009,1.5775,,,,
7.2E+12,09/02/2009,2.985,,,,
7.2E+12,09/03/2009,2.84,,,,
7.2E+12,09/04/2009,2.75,,,,
7.2E+12,09/07/2009,1.79,,,,
7.2E+12,09/08/2009,1.805,,,,
7.2E+12,09/09/2009,1.785,,,,
7.2E+12,09/10/2009,1.575,,,,
7.2E+12,09/11/2009,1.575,,,,
7.2E+12,09/14/2009,1.575,,,,
7.2E+12,09/15/2009,1.575,,,,
7.2E+12,09/16/2009,1.575,,,,
7.2E+12,09/17/2009,1.575,,,,
7.2E+12,09/18/2009,1.575,,,,
7.2E+12,09/21/2009,1.575,,,,
7.2E+12,09/22/2009,1.575,,,,
7.2E+12,09/23/2009,1.575,,,,
7.2E+12,09/24/2009,3.23,,,,
7.2E+12,09/25/2009,3.13,,,,
7.2E+12,09/28/2009,3.355,,,,
7.2E+12,09/29/2009,3.305,,,,
7.2E+12,09/30/2009,3.305,,,,
7.2E+12,10/01/2009,2.03,,,,
7.2E+12,10/02/2009,1.545,,,,
7.2E+12,10/05/2009,2.8125,,,,
7.2E+12,10/06/2009,2.8125,,,,
7.2E+12,10/07/2009,2.8125,,,,
7.2E+12,10/08/2009,2.8125,,,,
7.2E+12,10/09/2009,2.8125,,,,
7.2E+12,10/12/2009,2.8125,,,,
7.2E+12,10/13/2009,2.8125,,,,
7.2E+12,10/14/2009,2.8125,,,,
7.2E+12,10/15/2009,3.225,,,,
7.2E+12,10/16/2009,3.205,,,,
7.2E+12,10/19/2009,2.765,,,,
7.2E+12,10/20/2009,3.015,,,,
7.2E+12,10/21/2009,3.385,,,,
7.2E+12,10/22/2009,3.25,,,,
7.2E+12,10/23/2009,3.1,,,,
7.2E+12,10/26/2009,2.4325,,,,
7.2E+12,10/27/2009,2.4225,,,,
7.2E+12,10/28/2009,2.5425,,,,
7.2E+12,10/29/2009,2.1475,,,,
7.2E+12,10/30/2009,2.1825,,,,
7.2E+12,11/02/2009,3.435,,,,
7.2E+12,11/03/2009,3.255,,,,
7.2E+12,11/04/2009,3.31,,,,
7.2E+12,11/05/2009,3.19,,,,
7.2E+12,11/06/2009,3.225,,,,
7.2E+12,11/09/2009,2.305,,,,
7.2E+12,11/10/2009,3.37,,,,
7.2E+12,11/11/2009,3.355,,,,
7.2E+12,11/12/2009,3.275,,,,
7.2E+12,11/13/2009,3.245,,,,
7.2E+12,11/16/2009,2.535,,,,
7.2E+12,11/17/2009,2.295,,,,
7.2E+12,11/18/2009,2.2375,,,,
7.2E+12,11/19/2009,2.2275,,,,
7.2E+12,11/20/2009,2.2025,,,,
7.2E+12,11/23/2009,2.2025,,,,
7.2E+12,11/24/2009,2.2025,,,,
7.2E+12,11/25/2009,2.2025,,,,
7.2E+12,11/26/2009,2.2025,,,,
7.2E+12,11/27/2009,2.2025,,,,
7.2E+12,11/30/2009,2.2025,,,,
7.2E+12,12/01/2009,2.2025,,,,
7.2E+12,12/02/2009,2.2025,,,,
7.2E+12,12/03/2009,2.2025,,,,
7.2E+12,12/04/2009,2.2025,,,,
7.2E+12,12/07/2009,2.2025,,,,
7.2E+12,12/08/2009,2.2025,,,,
7.2E+12,12/09/2009,2.2025,,,,
7.2E+12,12/10/2009,2.2025,,,,
7.2E+12,12/11/2009,2.2025,,,,
7.2E+12,12/14/2009,2.2025,,,,
7.2E+12,12/15/2009,2.2025,,,,
7.2E+12,12/16/2009,2.2025,,,,
7.2E+12,12/17/2009,2.2025,,,,
7.2E+12,12/18/2009,2.2025,,,,
7.2E+12,12/21/2009,2.2025,,,,
7.2E+12,12/22/2009,2.2025,,,,
7.2E+12,12/23/2009,2.2025,,,,
7.2E+12,12/24/2009,2.2025,,,,
7.2E+12,12/25/2009,2.2025,,,,
7.2E+12,12/28/2009,2.2025,,,,
7.2E+12,12/29/2009,2.2025,,,,
7.2E+12,12/30/2009,2.2025,,,,
7.2E+12,12/31/2009,2.2025,,,,
7.2E+12,01/01/2010,2.2025,,,,
7.2E+12,01/04/2010,2.2025,,,,
7.2E+12,01/05/2010,2.2025,,,,
7.2E+12,01/06/2010,2.2025,,,,
7.2E+12,01/07/2010,2.2025,,,,
7.2E+12,01/08/2010,2.2025,,,,
7.2E+12,01/11/2010,2.2025,,,,
7.2E+12,01/12/2010,2.2025,,,,
7.2E+12,01/13/2010,2.2025,,,,
7.2E+12,01/14/2010,2.2025,,,,
7.2E+12,01/15/2010,2.2025,,,,
7.2E+12,01/18/2010,3.335,,,,
7.2E+12,01/19/2010,2.38,,,,
7.2E+12,01/20/2010,2.26,,,,
7.2E+12,01/21/2010,2.645,,,,
7.2E+12,01/22/2010,3.3675,,,,
7.2E+12,01/25/2010,2.7775,,,,
7.2E+12,01/26/2010,2.4675,,,,
7.2E+12,01/27/2010,2.2825,,,,
7.2E+12,01/28/2010,2.1675,,,,
7.2E+12,01/29/2010,2.7575,,,,
7.2E+12,02/01/2010,2.7575,,,,
7.2E+12,02/02/2010,2.7575,,,,
7.2E+12,02/03/2010,3.245,,,,
7.2E+12,02/04/2010,3.3425,,,,
7.2E+12,02/05/2010,3.2375,,,,
7.2E+12,02/08/2010,3.2225,,,,
7.2E+12,02/09/2010,3.0725,,,,
7.2E+12,02/10/2010,2.8925,,,,
7.2E+12,02/11/2010,2.71,,,,
7.2E+12,02/12/2010,2.5225,,,,
7.2E+12,02/15/2010,2.345,,,,
7.2E+12,02/16/2010,2.5775,,,,
7.2E+12,02/17/2010,2.5775,,,,
7.2E+12,02/18/2010,2.5775,,,,
7.2E+12,02/19/2010,2.5775,,,,
7.2E+12,02/22/2010,2.7375,,,,
7.2E+12,02/23/2010,2.705,,,,
7.2E+12,02/24/2010,2.4975,,,,
7.2E+12,02/25/2010,2.3675,,,,
7.2E+12,02/26/2010,2.4175,,,,
7.2E+12,03/01/2010,3.3175,,,,
7.2E+12,03/02/2010,3.215,,,,
7.2E+12,03/03/2010,3.375,,,,
7.2E+12,03/04/2010,3.255,,,,
7.2E+12,03/05/2010,3.0275,,,,
7.2E+12,03/08/2010,2.3475,,,,
7.2E+12,03/09/2010,2.3275,,,,
7.2E+12,03/10/2010,2.1925,,,,
7.2E+12,03/11/2010,2.2975,,,,
7.2E+12,03/12/2010,2.3075,,,,
7.2E+12,03/15/2010,3.33,,,,
7.2E+12,03/16/2010,3.2575,,,,
7.2E+12,03/17/2010,3.3575,,,,
7.2E+12,03/18/2010,3.2275,,,,
7.2E+12,03/19/2010,3.0775,,,,
7.2E+12,03/22/2010,2.9275,,,,
7.2E+12,03/23/2010,3.355,,,,
7.2E+12,03/24/2010,3.19,,,,
7.2E+12,03/25/2010,3.1,,,,
7.2E+12,03/26/2010,3.3875,,,,
7.2E+12,03/29/2010,3.215,,,,
7.2E+12,03/30/2010,3.045,,,,
7.2E+12,03/31/2010,2.9825,,,,
7.2E+12,04/01/2010,2.5875,,,,
7.2E+12,04/02/2010,2.61,,,,
7.2E+12,04/05/2010,2.61,,,,
7.2E+12,04/06/2010,2.61,,,,
7.2E+12,04/07/2010,2.61,,,,
7.2E+12,04/08/2010,2.61,,,,
7.2E+12,04/09/2010,2.61,,,,
7.2E+12,04/12/2010,2.61,,,,
7.2E+12,04/13/2010,2.61,,,,
7.2E+12,04/14/2010,2.61,,,,
7.2E+12,04/15/2010,2.61,,,,
7.2E+12,04/16/2010,2.61,,,,
7.2E+12,04/19/2010,2.61,,,,
7.2E+12,04/20/2010,2.61,,,,
7.2E+12,04/21/2010,2.61,,,,
7.2E+12,04/22/2010,2.61,,,,
7.2E+12,04/23/2010,2.1475,,,,
7.2E+12,04/26/2010,2.0425,,,,
7.2E+12,04/27/2010,2.1525,,,,
7.2E+12,04/28/2010,3.3575,,,,
7.2E+12,04/29/2010,3.335,,,,
7.2E+12,04/30/2010,3.39,,,,
7.2E+12,05/03/2010,3.385,,,,
7.2E+12,05/04/2010,3.345,,,,
7.2E+12,05/05/2010,3.3,,,,
7.2E+12,05/06/2010,3.315,,,,
7.2E+12,05/07/2010,3.28,,,,
7.2E+12,05/10/2010,3.37,,,,
7.2E+12,05/11/2010,3.395,,,,
7.2E+12,05/12/2010,3.335,,,,
7.2E+12,05/13/2010,3.385,,,,
7.2E+12,05/14/2010,3.2925,,,,
7.2E+12,05/17/2010,3.3975,,,,
7.2E+12,05/18/2010,3.4125,,,,
7.2E+12,05/19/2010,3.38,,,,
7.2E+12,05/20/2010,3.415,,,,
7.2E+12,05/21/2010,3.4025,,,,
7.2E+12,05/24/2010,3.4075,,,,
7.2E+12,05/25/2010,3.4175,,,,
7.2E+12,05/26/2010,3.255,,,,
7.2E+12,05/27/2010,3.4075,,,,
7.2E+12,05/28/2010,3.3275,,,,
7.2E+12,05/31/2010,3.2125,,,,
7.2E+12,06/01/2010,3.3775,,,,
7.2E+12,06/02/2010,3.2675,,,,
7.2E+12,06/03/2010,3.0925,,,,
7.2E+12,06/04/2010,3.4025,,,,
7.2E+12,06/07/2010,3.405,,,,
7.2E+12,06/08/2010,3.38,,,,
7.2E+12,06/09/2010,3.385,,,,
7.2E+12,06/10/2010,3.2925,,,,
7.2E+12,06/11/2010,3.4025,,,,
7.2E+12,06/14/2010,3.2125,,,,
7.2E+12,06/15/2010,3.3475,,,,
7.2E+12,06/16/2010,3.3725,,,,
7.2E+12,06/17/2010,3.2625,,,,
7.2E+12,06/18/2010,3.295,,,,
7.2E+12,06/21/2010,3.39,,,,
7.2E+12,06/22/2010,3.3525,,,,
7.2E+12,06/23/2010,3.2875,,,,
7.2E+12,06/24/2010,3.36,,,,
7.2E+12,06/25/2010,3.3825,,,,
7.2E+12,06/28/2010,3.3925,,,,
7.2E+12,06/29/2010,3.3075,,,,
7.2E+12,06/30/2010,3.3975,,,,
7.2E+12,07/01/2010,3.2825,,,,
7.2E+12,07/02/2010,3.2675,,,,
7.2E+12,07/05/2010,3.38,,,,
7.2E+12,07/06/2010,3.2725,,,,
7.2E+12,07/07/2010,3.4075,,,,
7.2E+12,07/08/2010,3.2725,,,,
7.2E+12,07/09/2010,3.385,,,,
7.2E+12,07/12/2010,3.2025,,,,
7.2E+12,07/13/2010,3.345,,,,
7.2E+12,07/14/2010,3.2,,,,
7.2E+12,07/15/2010,3.0425,,,,
7.2E+12,07/16/2010,3.0625,,,,
7.2E+12,07/19/2010,2.8325,,,,
7.2E+12,07/20/2010,2.8525,,,,
7.2E+12,07/21/2010,3.3125,,,,
7.2E+12,07/22/2010,3.215,,,,
7.2E+12,07/23/2010,3.4175,,,,
7.2E+12,07/26/2010,3.1075,,,,
7.2E+12,07/27/2010,2.345,,,,
7.2E+12,07/28/2010,3.345,,,,
7.2E+12,07/29/2010,3.18,,,,
7.2E+12,07/30/2010,3.3875,,,,
7.2E+12,08/02/2010,3.0125,,,,
7.2E+12,08/03/2010,2.45,,,,
7.2E+12,08/04/2010,3.28,,,,
7.2E+12,08/05/2010,3.13,,,,
7.2E+12,08/06/2010,3.095,,,,
7.2E+12,08/09/2010,1.92,,,,
7.2E+12,08/10/2010,1.9275,,,,
7.2E+12,08/11/2010,1.93,,,,
7.2E+12,08/12/2010,1.9225,,,,
7.2E+12,08/13/2010,1.925,,,,
7.2E+12,08/16/2010,1.92,,,,
7.2E+12,08/17/2010,1.92,,,,
7.2E+12,08/18/2010,1.925,,,,
7.2E+12,08/19/2010,1.9275,,,,
7.2E+12,08/20/2010,1.935,,,,
7.2E+12,08/23/2010,1.9275,,,,
7.2E+12,08/24/2010,1.925,,,,
7.2E+12,08/25/2010,1.9475,,,,
7.2E+12,08/26/2010,1.9625,,,,
7.2E+12,08/27/2010,1.9325,,,,
7.2E+12,08/30/2010,1.98,,,,
7.2E+12,08/31/2010,1.925,,,,
7.2E+12,09/01/2010,1.925,,,,
7.2E+12,09/02/2010,1.9275,,,,
7.2E+12,09/03/2010,1.9275,,,,
7.2E+12,09/06/2010,1.9275,,,,
7.2E+12,09/07/2010,1.9275,,,,
7.2E+12,09/08/2010,1.9275,,,,
7.2E+12,09/09/2010,1.9275,,,,
7.2E+12,09/10/2010,1.9275,,,,
7.2E+12,09/13/2010,1.9275,,,,
7.2E+12,09/14/2010,1.9275,,,,
7.2E+12,09/15/2010,1.9275,,,,
7.2E+12,09/16/2010,1.9275,,,,
7.2E+12,09/17/2010,1.9275,,,,
7.2E+12,09/20/2010,1.9275,,,,
7.2E+12,09/21/2010,1.9275,,,,
7.2E+12,09/22/2010,1.9275,,,,
7.2E+12,09/23/2010,1.9275,,,,
7.2E+12,09/24/2010,1.9275,,,,
7.2E+12,09/27/2010,1.9275,,,,
7.2E+12,09/28/2010,1.9275,,,,
7.2E+12,09/29/2010,1.9275,,,,
7.2E+12,09/30/2010,1.9275,,,,
7.2E+12,10/01/2010,1.9275,,,,
7.2E+12,10/04/2010,1.9275,,,,
7.2E+12,10/05/2010,1.9275,,,,
7.2E+12,10/06/2010,2.245,,,,
7.2E+12,10/07/2010,2.2275,,,,
7.2E+12,10/08/2010,2.23,,,,
7.2E+12,10/11/2010,2.2175,,,,
7.2E+12,10/12/2010,2.215,,,,
7.2E+12,10/13/2010,2.215,,,,
7.2E+12,10/14/2010,2.2,,,,
7.2E+12,10/15/2010,2.18,,,,
7.2E+12,10/18/2010,2.2025,,,,
7.2E+12,10/19/2010,2.175,,,,
7.2E+12,10/20/2010,2.2125,,,,
7.2E+12,10/21/2010,1.915,,,,
7.2E+12,10/22/2010,2.0475,,,,
7.2E+12,10/25/2010,2.05,,,,
7.2E+12,10/26/2010,2.045,,,,
7.2E+12,10/27/2010,2.035,,,,
7.2E+12,10/28/2010,2.0475,,,,
7.2E+12,10/29/2010,2.0375,,,,
7.2E+12,11/01/2010,1.9775,,,,
7.2E+12,11/02/2010,2.0175,,,,
7.2E+12,11/03/2010,2.0475,,,,
7.2E+12,11/04/2010,2.0425,,,,
7.2E+12,11/05/2010,2.0625,,,,
7.2E+12,11/08/2010,2.04,,,,
7.2E+12,11/09/2010,1.9825,,,,
7.2E+12,11/10/2010,2.0575,,,,
7.2E+12,11/11/2010,2.06,,,,
7.2E+12,11/12/2010,2.0625,,,,
7.2E+12,11/15/2010,2.065,,,,
7.2E+12,11/16/2010,2.08,,,,
7.2E+12,11/17/2010,2.07,,,,
7.2E+12,11/18/2010,2.09,,,,
7.2E+12,11/19/2010,2.07,,,,
7.2E+12,11/22/2010,2.085,,,,
7.2E+12,11/23/2010,2.08,,,,
7.2E+12,11/24/2010,2.07,,,,
7.2E+12,11/25/2010,2.08,,,,
7.2E+12,11/26/2010,2.08,,,,
7.2E+12,11/29/2010,2.0625,,,,
7.2E+12,11/30/2010,2.2975,,,,
7.2E+12,12/01/2010,2.2875,,,,
7.2E+12,12/02/2010,2.3,,,,
7.2E+12,12/03/2010,2.4775,,,,
7.2E+12,12/06/2010,2.3025,,,,
7.2E+12,12/07/2010,2.1625,,,,
7.2E+12,12/08/2010,2.1575,,,,
7.2E+12,12/09/2010,2.1525,,,,
7.2E+12,12/10/2010,2.0625,,,,
7.2E+12,12/13/2010,2.075,,,,
7.2E+12,12/14/2010,2.0575,,,,
7.2E+12,12/15/2010,2.0525,,,,
7.2E+12,12/16/2010,2.0625,,,,
7.2E+12,12/17/2010,2.0875,,,,
7.2E+12,12/20/2010,2.1025,,,,
7.2E+12,12/21/2010,2.1075,,,,
7.2E+12,12/22/2010,2.0675,,,,
7.2E+12,12/23/2010,2.0725,,,,
7.2E+12,12/24/2010,2.0925,,,,
7.2E+12,12/27/2010,2.1075,,,,
7.2E+12,12/28/2010,2.0525,,,,
7.2E+12,12/29/2010,2.0425,,,,
7.2E+12,12/30/2010,2.0475,,,,
7.2E+12,12/31/2010,2.0875,,,,
7.2E+12,01/03/2011,2.0925,,,,
7.2E+12,01/04/2011,2.1125,,,,
7.2E+12,01/05/2011,2.0025,,,,
7.2E+12,01/06/2011,1.9275,,,,
7.2E+12,01/07/2011,2.0125,,,,
7.2E+12,01/10/2011,1.9575,,,,
7.2E+12,01/11/2011,1.9875,,,,
7.2E+12,01/12/2011,1.9775,,,,
7.2E+12,01/13/2011,1.8825,,,,
7.2E+12,01/14/2011,1.91,,,,
7.2E+12,01/17/2011,1.9925,,,,
7.2E+12,01/18/2011,2.0475,,,,
7.2E+12,01/19/2011,1.9975,,,,
7.2E+12,01/20/2011,2.0225,,,,
7.2E+12,01/21/2011,1.8525,,,,
7.2E+12,01/24/2011,1.4175,,,,
7.2E+12,01/25/2011,1.8125,,,,
7.2E+12,01/26/2011,1.7625,,,,
7.2E+12,01/27/2011,1.9875,,,,
7.2E+12,01/28/2011,2.1075,,,,
7.2E+12,01/31/2011,2.1325,,,,
7.2E+12,02/01/2011,2.1775,,,,
7.2E+12,02/02/2011,2.0475,,,,
7.2E+12,02/03/2011,2.1525,,,,
7.2E+12,02/04/2011,2.0175,,,,
7.2E+12,02/07/2011,1.9925,,,,
7.2E+12,02/08/2011,1.9975,,,,
7.2E+12,02/09/2011,1.98,,,,
7.2E+12,02/10/2011,2.0325,,,,
7.2E+12,02/11/2011,2.0175,,,,
7.2E+12,02/14/2011,1.9825,,,,
7.2E+12,02/15/2011,1.8725,,,,
7.2E+12,02/16/2011,2.0225,,,,
7.2E+12,02/17/2011,2.0425,,,,
7.2E+12,02/18/2011,2.0475,,,,
7.2E+12,02/21/2011,1.9725,,,,
7.2E+12,02/22/2011,2.0025,,,,
7.2E+12,02/23/2011,2.0525,,,,
7.2E+12,02/24/2011,2.0275,,,,
7.2E+12,02/25/2011,2.0425,,,,
7.2E+12,02/28/2011,2.0125,,,,
7.2E+12,03/01/2011,2.0375,,,,
7.2E+12,03/02/2011,1.8475,,,,
7.2E+12,03/03/2011,1.9525,,,,
7.2E+12,03/04/2011,1.9625,,,,
7.2E+12,03/07/2011,1.9275,,,,
7.2E+12,03/08/2011,1.9625,,,,
7.2E+12,03/09/2011,1.8925,,,,
7.2E+12,03/10/2011,1.9475,,,,
7.2E+12,03/11/2011,1.8475,,,,
7.2E+12,03/14/2011,1.835,,,,
7.2E+12,03/15/2011,1.8975,,,,
7.2E+12,03/16/2011,1.8775,,,,
7.2E+12,03/17/2011,1.9225,,,,
7.2E+12,03/18/2011,1.9375,,,,
7.2E+12,03/21/2011,1.8275,,,,
7.2E+12,03/22/2011,1.8975,,,,
7.2E+12,03/23/2011,1.8525,,,,
7.2E+12,03/24/2011,1.9325,,,,
7.2E+12,03/25/2011,1.9825,,,,
7.2E+12,03/28/2011,1.8475,,,,
7.2E+12,03/29/2011,1.9575,,,,
7.2E+12,03/30/2011,1.905,,,,
7.2E+12,03/31/2011,1.9375,,,,
7.2E+12,04/01/2011,1.8675,,,,
7.2E+12,04/04/2011,1.8475,,,,
7.2E+12,04/05/2011,1.8675,,,,
7.2E+12,04/06/2011,1.8525,,,,
7.2E+12,04/07/2011,1.915,,,,
7.2E+12,04/08/2011,1.9275,,,,
7.2E+12,04/11/2011,1.9175,,,,
7.2E+12,04/12/2011,1.875,,,,
7.2E+12,04/13/2011,1.9425,,,,
7.2E+12,04/14/2011,1.925,,,,
7.2E+12,04/15/2011,1.8775,,,,
7.2E+12,04/18/2011,1.925,,,,
7.2E+12,04/19/2011,1.925,,,,
7.2E+12,04/20/2011,1.8675,,,,
7.2E+12,04/21/2011,1.9425,,,,
7.2E+12,04/22/2011,1.9675,,,,
7.2E+12,04/25/2011,1.9625,,,,
7.2E+12,04/26/2011,1.9275,,,,
7.2E+12,04/27/2011,1.9075,,,,
7.2E+12,04/28/2011,1.9475,,,,
7.2E+12,04/29/2011,1.8825,,,,
7.2E+12,05/02/2011,1.9575,,,,
7.2E+12,05/03/2011,1.9275,,,,
7.2E+12,05/04/2011,1.9675,,,,
7.2E+12,05/05/2011,1.9625,,,,
7.2E+12,05/06/2011,1.9525,,,,
7.2E+12,05/09/2011,1.9875,,,,
7.2E+12,05/10/2011,1.9825,,,,
7.2E+12,05/11/2011,1.9175,,,,
7.2E+12,05/12/2011,1.8775,,,,
7.2E+12,05/13/2011,1.9575,,,,
7.2E+12,05/16/2011,1.8125,,,,
7.2E+12,05/17/2011,1.8025,,,,
7.2E+12,05/18/2011,1.7875,,,,
7.2E+12,05/19/2011,1.7975,,,,
7.2E+12,05/20/2011,1.8825,,,,
7.2E+12,05/23/2011,1.8575,,,,
7.2E+12,05/24/2011,1.8125,,,,
7.2E+12,05/25/2011,1.8775,,,,
7.2E+12,05/26/2011,1.9625,,,,
7.2E+12,05/27/2011,2.0025,,,,
7.2E+12,05/30/2011,1.9275,,,,
7.2E+12,05/31/2011,1.9875,,,,
7.2E+12,06/01/2011,1.9675,,,,
7.2E+12,06/02/2011,1.9375,,,,
7.2E+12,06/03/2011,1.8825,,,,
7.2E+12,06/06/2011,1.9575,,,,
7.2E+12,06/07/2011,1.9475,,,,
7.2E+12,06/08/2011,1.9525,,,,
7.2E+12,06/09/2011,1.9325,,,,
7.2E+12,06/10/2011,1.9275,,,,
7.2E+12,06/13/2011,1.9475,,,,
7.2E+12,06/14/2011,1.8975,,,,
7.2E+12,06/15/2011,1.8775,,,,
7.2E+12,06/16/2011,1.8975,,,,
7.2E+12,06/17/2011,1.9325,,,,
7.2E+12,06/20/2011,1.7575,,,,
7.2E+12,06/21/2011,1.7875,,,,
7.2E+12,06/22/2011,1.8625,,,,
7.2E+12,06/23/2011,1.8075,,,,
7.2E+12,06/24/2011,1.9025,,,,
7.2E+12,06/27/2011,1.9375,,,,
7.2E+12,06/28/2011,1.8975,,,,
7.2E+12,06/29/2011,1.7475,,,,
7.2E+12,06/30/2011,1.8075,,,,
7.2E+12,07/01/2011,1.815,,,,
7.2E+12,07/04/2011,1.855,,,,
7.2E+12,07/05/2011,1.8575,,,,
7.2E+12,07/06/2011,1.8725,,,,
7.2E+12,07/07/2011,1.9225,,,,
7.2E+12,07/08/2011,1.8825,,,,
7.2E+12,07/11/2011,1.9325,,,,
7.2E+12,07/12/2011,1.7825,,,,
7.2E+12,07/13/2011,1.7125,,,,
7.2E+12,07/14/2011,1.6525,,,,
7.2E+12,07/15/2011,1.7225,,,,
7.2E+12,07/18/2011,1.8975,,,,
7.2E+12,07/19/2011,1.8825,,,,
7.2E+12,07/20/2011,1.9025,,,,
7.2E+12,07/21/2011,1.9225,,,,
7.2E+12,07/22/2011,1.685,,,,
7.2E+12,07/25/2011,1.8575,,,,
7.2E+12,07/26/2011,1.8675,,,,
7.2E+12,07/27/2011,1.7325,,,,
7.2E+12,07/28/2011,1.8525,,,,
7.2E+12,07/29/2011,1.8675,,,,
7.2E+12,08/01/2011,1.8575,,,,
7.2E+12,08/02/2011,1.9375,,,,
7.2E+12,08/03/2011,1.9275,,,,
7.2E+12,08/04/2011,2.0025,,,,
7.2E+12,08/05/2011,1.9125,,,,
7.2E+12,08/08/2011,2.0175,,,,
7.2E+12,08/09/2011,1.9325,,,,
7.2E+12,08/10/2011,1.7975,,,,
7.2E+12,08/11/2011,1.5925,,,,
7.2E+12,08/12/2011,1.5875,,,,
7.2E+12,08/15/2011,1.4925,,,,
7.2E+12,08/16/2011,1.7725,,,,
7.2E+12,08/17/2011,1.3525,,,,
7.2E+12,08/18/2011,1.2925,,,,
7.2E+12,08/19/2011,1.7425,,,,
7.2E+12,08/22/2011,1.8875,,,,
7.2E+12,08/23/2011,1.7975,,,,
7.2E+12,08/24/2011,1.7975,,,,
7.2E+12,08/25/2011,1.7975,,,,
7.2E+12,08/26/2011,1.7975,,,,
7.2E+12,08/29/2011,1.7975,,,,
7.2E+12,08/30/2011,1.7975,,,,
7.2E+12,08/31/2011,1.9575,,,,
7.2E+12,09/01/2011,1.9625,,,,
7.2E+12,09/02/2011,2.0875,,,,
7.2E+12,09/05/2011,2.0625,,,,
7.2E+12,09/06/2011,1.8025,,,,
7.2E+12,09/07/2011,1.9375,,,,
7.2E+12,09/08/2011,2.0775,,,,
7.2E+12,09/09/2011,1.9225,,,,
7.2E+12,09/12/2011,2.0575,,,,
7.2E+12,09/13/2011,2.0725,,,,
7.2E+12,09/14/2011,2.0425,,,,
7.2E+12,09/15/2011,1.9175,,,,
7.2E+12,09/16/2011,2.0575,,,,
7.2E+12,09/19/2011,2.0225,,,,
7.2E+12,09/20/2011,1.8975,,,,
7.2E+12,09/21/2011,1.975,,,,
7.2E+12,09/22/2011,2.0525,,,,
7.2E+12,09/23/2011,2.0025,,,,
7.2E+12,09/26/2011,2.0775,,,,
7.2E+12,09/27/2011,2.0875,,,,
7.2E+12,09/28/2011,2.1125,,,,
7.2E+12,09/29/2011,2.0225,,,,
7.2E+12,09/30/2011,2.0075,,,,
7.2E+12,10/03/2011,2.0375,,,,
7.2E+12,10/04/2011,2.0975,,,,
7.2E+12,10/05/2011,2.0575,,,,
7.2E+12,10/06/2011,2.0225,,,,
7.2E+12,10/07/2011,2.0925,,,,
7.2E+12,10/10/2011,2.0125,,,,
7.2E+12,10/11/2011,1.9725,,,,
7.2E+12,10/12/2011,1.9775,,,,
7.2E+12,10/13/2011,2.0525,,,,
7.2E+12,10/14/2011,2.0575,,,,
7.2E+12,10/17/2011,1.9275,,,,
7.2E+12,10/18/2011,2.0775,,,,
7.2E+12,10/19/2011,2.0325,,,,
7.2E+12,10/20/2011,2.0325,,,,
7.2E+12,10/21/2011,2.1025,,,,
7.2E+12,10/24/2011,2.0275,,,,
7.2E+12,10/25/2011,2.0575,,,,
7.2E+12,10/26/2011,1.9875,,,,
7.2E+12,10/27/2011,1.9775,,,,
7.2E+12,10/28/2011,1.9475,,,,
7.2E+12,10/31/2011,1.9925,,,,
7.2E+12,11/01/2011,1.9625,,,,
7.2E+12,11/02/2011,2.1025,,,,
7.2E+12,11/03/2011,2.0575,,,,
7.2E+12,11/04/2011,2.0975,,,,
7.2E+12,11/07/2011,1.9375,,,,
7.2E+12,11/08/2011,2.0925,,,,
7.2E+12,11/09/2011,2.055,,,,
7.2E+12,11/10/2011,1.9875,,,,
7.2E+12,11/11/2011,2.0075,,,,
7.2E+12,11/14/2011,1.955,,,,
7.2E+12,11/15/2011,2.05,,,,
7.2E+12,11/16/2011,2.0125,,,,
7.2E+12,11/17/2011,2.0425,,,,
7.2E+12,11/18/2011,2.0025,,,,
7.2E+12,11/21/2011,1.9475,,,,
7.2E+12,11/22/2011,2.0475,,,,
7.2E+12,11/23/2011,2.14,,,,
7.2E+12,11/24/2011,2.0975,,,,
7.2E+12,11/25/2011,2.0675,,,,
7.2E+12,11/28/2011,2.1175,,,,
7.2E+12,11/29/2011,2.12,,,,
7.2E+12,11/30/2011,2.1675,,,,
7.2E+12,12/01/2011,2.1825,,,,
7.2E+12,12/02/2011,2.1475,,,,
7.2E+12,12/05/2011,1.9775,,,,
7.2E+12,12/06/2011,2.1475,,,,
7.2E+12,12/07/2011,2.0725,,,,
7.2E+12,12/08/2011,2.1575,,,,
7.2E+12,12/09/2011,2.2475,,,,
7.2E+12,12/12/2011,2.3475,,,,
7.2E+12,12/13/2011,2.3275,,,,
7.2E+12,12/14/2011,2.3325,,,,
7.2E+12,12/15/2011,2.3825,,,,
7.2E+12,12/16/2011,2.3875,,,,
7.2E+12,12/19/2011,2.3375,,,,
7.2E+12,12/20/2011,2.3075,,,,
7.2E+12,12/21/2011,2.1275,,,,
7.2E+12,12/22/2011,2.0975,,,,
7.2E+12,12/23/2011,2.145,,,,
7.2E+12,12/26/2011,2.1925,,,,
7.2E+12,12/27/2011,2.1925,,,,
7.2E+12,12/28/2011,2.1725,,,,
7.2E+12,12/29/2011,2.0675,,,,
7.2E+12,12/30/2011,2.1275,,,,
7.2E+12,01/02/2012,2.2175,,,,
7.2E+12,01/03/2012,2.1275,,,,
7.2E+12,01/04/2012,2.1575,,,,
7.2E+12,01/05/2012,2.1625,,,,
7.2E+12,01/06/2012,2.165,,,,
7.2E+12,01/09/2012,2.2025,,,,
7.2E+12,01/10/2012,2.22,,,,
7.2E+12,01/11/2012,2.0925,,,,
7.2E+12,01/12/2012,2.0975,,,,
7.2E+12,01/13/2012,2.145,,,,
7.2E+12,01/16/2012,2.1225,,,,
7.2E+12,01/17/2012,2.0525,,,,
7.2E+12,01/18/2012,2.0775,,,,
7.2E+12,01/19/2012,2.0225,,,,
7.2E+12,01/20/2012,2.0425,,,,
7.2E+12,01/23/2012,2.0875,,,,
7.2E+12,01/24/2012,2.0225,,,,
7.2E+12,01/25/2012,1.9375,,,,
7.2E+12,01/26/2012,1.9775,,,,
7.2E+12,01/27/2012,1.99,,,,
7.2E+12,01/30/2012,1.835,,,,
7.2E+12,01/31/2012,1.8775,,,,
7.2E+12,02/01/2012,1.85,,,,
7.2E+12,02/02/2012,1.9175,,,,
7.2E+12,02/03/2012,1.9875,,,,
7.2E+12,02/06/2012,2.0575,,,,
7.2E+12,02/07/2012,2.1375,,,,
7.2E+12,02/08/2012,2.0775,,,,
7.2E+12,02/09/2012,2.0925,,,,
7.2E+12,02/10/2012,1.9525,,,,
7.2E+12,02/13/2012,2.0725,,,,
7.2E+12,02/14/2012,1.9175,,,,
7.2E+12,02/15/2012,1.9975,,,,
7.2E+12,02/16/2012,2.125,,,,
7.2E+12,02/17/2012,2.0175,,,,
7.2E+12,02/20/2012,2.0925,,,,
7.2E+12,02/21/2012,2.1575,,,,
7.2E+12,02/22/2012,2.0975,,,,
7.2E+12,02/23/2012,1.8825,,,,
7.2E+12,02/24/2012,1.9875,,,,
7.2E+12,02/27/2012,2.1325,,,,
7.2E+12,02/28/2012,2.1375,,,,
7.2E+12,02/29/2012,2.1225,,,,
7.2E+12,03/01/2012,2.1275,,,,
7.2E+12,03/02/2012,2.1075,,,,
7.2E+12,03/05/2012,2.0375,,,,
7.2E+12,03/06/2012,2.0475,,,,
7.2E+12,03/07/2012,2.1425,,,,
7.2E+12,03/08/2012,2.1625,,,,
7.2E+12,03/09/2012,1.8875,,,,
7.2E+12,03/12/2012,2.1275,,,,
7.2E+12,03/13/2012,2.025,,,,
7.2E+12,03/14/2012,2.1475,,,,
7.2E+12,03/15/2012,2.0775,,,,
7.2E+12,03/16/2012,2.1625,,,,
7.2E+12,03/19/2012,2.1825,,,,
7.2E+12,03/20/2012,2.2125,,,,
7.2E+12,03/21/2012,2.1525,,,,
7.2E+12,03/22/2012,2.04,,,,
7.2E+12,03/23/2012,2.2275,,,,
7.2E+12,03/26/2012,2.285,,,,
7.2E+12,03/27/2012,2.3575,,,,
7.2E+12,03/28/2012,2.3275,,,,
7.2E+12,03/29/2012,2.3175,,,,
7.2E+12,03/30/2012,2.4675,,,,
7.2E+12,04/02/2012,2.4875,,,,
7.2E+12,04/03/2012,2.3575,,,,
7.2E+12,04/04/2012,2.2375,,,,
7.2E+12,04/05/2012,2.1775,,,,
7.2E+12,04/06/2012,2.28,,,,
7.2E+12,04/09/2012,2.3575,,,,
7.2E+12,04/10/2012,2.3,,,,
7.2E+12,04/11/2012,2.27,,,,
7.2E+12,04/12/2012,2.3425,,,,
7.2E+12,04/13/2012,2.2875,,,,
7.2E+12,04/16/2012,2.21,,,,
7.2E+12,04/17/2012,2.2675,,,,
7.2E+12,04/18/2012,2.2475,,,,
7.2E+12,04/19/2012,2.2925,,,,
7.2E+12,04/20/2012,2.2525,,,,
7.2E+12,04/23/2012,2.2875,,,,
7.2E+12,04/24/2012,2.4425,,,,
7.2E+12,04/25/2012,2.3775,,,,
7.2E+12,04/26/2012,2.4125,,,,
7.2E+12,04/27/2012,2.1775,,,,
7.2E+12,04/30/2012,2.2025,,,,
7.2E+12,05/01/2012,2.2325,,,,
7.2E+12,05/02/2012,2.18,,,,
7.2E+12,05/03/2012,2.03,,,,
7.2E+12,05/04/2012,2.2175,,,,
7.2E+12,05/07/2012,2.2325,,,,
7.2E+12,05/08/2012,2.2175,,,,
7.2E+12,05/09/2012,2.1775,,,,
7.2E+12,05/10/2012,2.15,,,,
7.2E+12,05/11/2012,2.1325,,,,
7.2E+12,05/14/2012,2.1675,,,,
7.2E+12,05/15/2012,2.2275,,,,
7.2E+12,05/16/2012,2.1625,,,,
7.2E+12,05/17/2012,2.1225,,,,
7.2E+12,05/18/2012,1.9625,,,,
7.2E+12,05/21/2012,2.17,,,,
7.2E+12,05/22/2012,2.1575,,,,
7.2E+12,05/23/2012,2.0625,,,,
7.2E+12,05/24/2012,2.1025,,,,
7.2E+12,05/25/2012,2.0675,,,,
7.2E+12,05/28/2012,2.1575,,,,
7.2E+12,05/29/2012,2.1325,,,,
7.2E+12,05/30/2012,2.2425,,,,
7.2E+12,05/31/2012,2.2375,,,,
7.2E+12,06/01/2012,2.2075,,,,
7.2E+12,06/04/2012,2.2425,,,,
7.2E+12,06/05/2012,2.1575,,,,
7.2E+12,06/06/2012,2.1625,,,,
7.2E+12,06/07/2012,2.1125,,,,
7.2E+12,06/08/2012,1.9175,,,,
7.2E+12,06/11/2012,1.8225,,,,
7.2E+12,06/12/2012,2.4125,,,,
7.2E+12,06/13/2012,2.4125,,,,
7.2E+12,06/14/2012,2.4125,,,,
7.2E+12,06/15/2012,2.4475,,,,
7.2E+12,06/18/2012,2.4375,,,,
7.2E+12,06/19/2012,2.4425,,,,
7.2E+12,06/20/2012,2.4475,,,,
7.2E+12,06/21/2012,2.4225,,,,
7.2E+12,06/22/2012,2.4425,,,,
7.2E+12,06/25/2012,2.4175,,,,
7.2E+12,06/26/2012,2.4325,,,,
7.2E+12,06/27/2012,2.4475,,,,
7.2E+12,06/28/2012,2.4625,,,,
7.2E+12,06/29/2012,2.425,,,,
7.2E+12,07/02/2012,2.4475,,,,
7.2E+12,07/03/2012,2.4625,,,,
7.2E+12,07/04/2012,2.4375,,,,
7.2E+12,07/05/2012,2.4525,,,,
7.2E+12,07/06/2012,2.4425,,,,
7.2E+12,07/09/2012,2.4625,,,,
7.2E+12,07/10/2012,2.4625,,,,
7.2E+12,07/11/2012,2.4575,,,,
7.2E+12,07/12/2012,2.4225,,,,
7.2E+12,07/13/2012,2.4075,,,,
7.2E+12,07/16/2012,2.4175,,,,
7.2E+12,07/17/2012,2.4175,,,,
7.2E+12,07/18/2012,2.4575,,,,
7.2E+12,07/19/2012,2.4575,,,,
7.2E+12,07/20/2012,2.4625,,,,
7.2E+12,07/23/2012,2.4625,,,,
7.2E+12,07/24/2012,2.43,,,,
7.2E+12,07/25/2012,2.2875,,,,
7.2E+12,07/26/2012,2.3625,,,,
7.2E+12,07/27/2012,2.3375,,,,
7.2E+12,07/30/2012,2.3575,,,,
7.2E+12,07/31/2012,2.3625,,,,
7.2E+12,08/01/2012,2.355,,,,
7.2E+12,08/02/2012,2.4125,,,,
7.2E+12,08/03/2012,2.4225,,,,
7.2E+12,08/06/2012,2.4375,,,,
7.2E+12,08/07/2012,2.4025,,,,
7.2E+12,08/08/2012,2.4175,,,,
7.2E+12,08/09/2012,2.3225,,,,
7.2E+12,08/10/2012,2.3875,,,,
7.2E+12,08/13/2012,2.2675,,,,
7.2E+12,08/14/2012,2.2475,,,,
7.2E+12,08/15/2012,2.2775,,,,
7.2E+12,08/16/2012,2.3275,,,,
7.2E+12,08/17/2012,2.3225,,,,
7.2E+12,08/20/2012,2.3075,,,,
7.2E+12,08/21/2012,2.31,,,,
7.2E+12,08/22/2012,2.3175,,,,
7.2E+12,08/23/2012,2.315,,,,
7.2E+12,08/24/2012,2.34,,,,
7.2E+12,08/27/2012,2.25,,,,
7.2E+12,08/28/2012,2.265,,,,
7.2E+12,08/29/2012,2.295,,,,
7.2E+12,08/30/2012,2.2325,,,,
7.2E+12,08/31/2012,2.3075,,,,
7.2E+12,09/03/2012,2.2475,,,,
7.2E+12,09/04/2012,2.265,,,,
7.2E+12,09/05/2012,2.2525,,,,
7.2E+12,09/06/2012,2.3125,,,,
7.2E+12,09/07/2012,2.3125,,,,
7.2E+12,09/10/2012,2.3325,,,,
7.2E+12,09/11/2012,2.2975,,,,
7.2E+12,09/12/2012,2.2925,,,,
7.2E+12,09/13/2012,2.3075,,,,
7.2E+12,09/14/2012,2.255,,,,
7.2E+12,09/17/2012,2.3275,,,,
7.2E+12,09/18/2012,2.2975,,,,
7.2E+12,09/19/2012,2.3125,,,,
7.2E+12,09/20/2012,2.2475,,,,
7.2E+12,09/21/2012,2.2275,,,,
7.2E+12,09/24/2012,2.1075,,,,
7.2E+12,09/25/2012,2.2575,,,,
7.2E+12,09/26/2012,2.3025,,,,
7.2E+12,09/27/2012,2.2525,,,,
7.2E+12,09/28/2012,2.2075,,,,
7.2E+12,10/01/2012,2.3075,,,,
7.2E+12,10/02/2012,2.2625,,,,
7.2E+12,10/03/2012,2.2575,,,,
7.2E+12,10/04/2012,2.2325,,,,
7.2E+12,10/05/2012,2.2425,,,,
7.2E+12,10/08/2012,2.2625,,,,
7.2E+12,10/09/2012,2.2325,,,,
7.2E+12,10/10/2012,2.1825,,,,
7.2E+12,10/11/2012,2.2125,,,,
7.2E+12,10/12/2012,2.1725,,,,
7.2E+12,10/15/2012,2.2575,,,,
7.2E+12,10/16/2012,2.2175,,,,
7.2E+12,10/17/2012,2.2225,,,,
7.2E+12,10/18/2012,2.2225,,,,
7.2E+12,10/19/2012,2.2425,,,,
7.2E+12,10/22/2012,2.1425,,,,
7.2E+12,10/23/2012,2.0875,,,,
7.2E+12,10/24/2012,2.0975,,,,
7.2E+12,10/25/2012,2.1125,,,,
7.2E+12,10/26/2012,2.0725,,,,
7.2E+12,10/29/2012,2.0975,,,,
7.2E+12,10/30/2012,2.0125,,,,
7.2E+12,10/31/2012,2.0075,,,,
7.2E+12,11/01/2012,2.0125,,,,
7.2E+12,11/02/2012,2.0075,,,,
7.2E+12,11/05/2012,2.0125,,,,
7.2E+12,11/06/2012,2.0225,,,,
7.2E+12,11/07/2012,2.0325,,,,
7.2E+12,11/08/2012,1.9825,,,,
7.2E+12,11/09/2012,2.0225,,,,
7.2E+12,11/12/2012,2.0175,,,,
7.2E+12,11/13/2012,2.0125,,,,
7.2E+12,11/14/2012,2.5,,,,
7.2E+12,11/15/2012,2.49,,,,
7.2E+12,11/16/2012,2.4,,,,
7.2E+12,11/19/2012,2.35,,,,
7.2E+12,11/20/2012,2.47,,,,
7.2E+12,11/21/2012,2.47,,,,
7.2E+12,11/22/2012,2.48,,,,
7.2E+12,11/23/2012,2.415,,,,
7.2E+12,11/26/2012,2.405,,,,
7.2E+12,11/27/2012,2.6925,,,,
7.2E+12,11/28/2012,2.35,,,,
7.2E+12,11/29/2012,2.465,,,,
7.2E+12,11/30/2012,2.315,,,,
7.2E+12,12/03/2012,2.495,,,,
7.2E+12,12/04/2012,2.425,,,,
7.2E+12,12/05/2012,2.2,,,,
7.2E+12,12/06/2012,2.26,,,,
7.2E+12,12/07/2012,2.45,,,,
7.2E+12,12/10/2012,2.435,,,,
7.2E+12,12/11/2012,1.435,,,,
7.2E+12,12/12/2012,2.065,,,,
7.2E+12,12/13/2012,1.45,,,,
7.2E+12,12/14/2012,1.425,,,,
7.2E+12,12/17/2012,1.45,,,,
7.2E+12,12/18/2012,2.05,,,,
7.2E+12,12/19/2012,2.05,,,,
7.2E+12,12/20/2012,2.08,,,,
7.2E+12,12/21/2012,1.615,,,,
7.2E+12,12/24/2012,2.12,,,,
7.2E+12,12/25/2012,1.46,,,,
7.2E+12,12/26/2012,1.455,,,,
7.2E+12,12/27/2012,1.905,,,,
7.2E+12,12/28/2012,2.015,,,,
7.2E+12,12/31/2012,2.31,,,,
7.2E+12,01/01/2013,1.8725,,,,
7.2E+12,01/02/2013,2.2025,,,,
7.2E+12,01/03/2013,2.13,,,,
7.2E+12,01/04/2013,1.95,,,,
7.2E+12,01/07/2013,2.24,,,,
7.2E+12,01/08/2013,1.4975,,,,
7.2E+12,01/09/2013,1.9125,,,,
7.2E+12,01/10/2013,2.2025,,,,
7.2E+12,01/11/2013,1.9525,,,,
7.2E+12,01/14/2013,1.5675,,,,
7.2E+12,01/15/2013,2.1775,,,,
7.2E+12,01/16/2013,1.4825,,,,
7.2E+12,01/17/2013,1.8825,,,,
7.2E+12,01/18/2013,2.15,,,,
7.2E+12,01/21/2013,2.0875,,,,
7.2E+12,01/22/2013,1.4925,,,,
7.2E+12,01/23/2013,1.9125,,,,
7.2E+12,01/24/2013,2.1525,,,,
7.2E+12,01/25/2013,2.0475,,,,
7.2E+12,01/28/2013,2.0825,,,,
7.2E+12,01/29/2013,2.1375,,,,
7.2E+12,01/30/2013,2.0175,,,,
7.2E+12,01/31/2013,1.5325,,,,
7.2E+12,02/01/2013,1.49,,,,
7.2E+12,02/04/2013,2.08,,,,
7.2E+12,02/05/2013,1.4375,,,,
7.2E+12,02/06/2013,2.0925,,,,
7.2E+12,02/07/2013,1.4275,,,,
7.2E+12,02/08/2013,2.045,,,,
7.2E+12,02/11/2013,1.4425,,,,
7.2E+12,02/12/2013,1.4275,,,,
7.2E+12,02/13/2013,2.0975,,,,
7.2E+12,02/14/2013,1.88,,,,
7.2E+12,02/15/2013,2.0225,,,,
7.2E+12,02/18/2013,1.9975,,,,
7.2E+12,02/19/2013,1.4325,,,,
7.2E+12,02/20/2013,2.005,,,,
7.2E+12,02/21/2013,1.8475,,,,
7.2E+12,02/22/2013,1.4325,,,,
7.2E+12,02/25/2013,1.4275,,,,
7.2E+12,02/26/2013,2.1575,,,,
7.2E+12,02/27/2013,1.9375,,,,
7.2E+12,02/28/2013,1.4275,,,,
7.2E+12,03/01/2013,2.035,,,,
7.2E+12,03/04/2013,1.4275,,,,
7.2E+12,03/05/2013,1.4325,,,,
7.2E+12,03/06/2013,1.4325,,,,
7.2E+12,03/07/2013,2.1225,,,,
7.2E+12,03/08/2013,1.4275,,,,
7.2E+12,03/11/2013,1.4275,,,,
7.2E+12,03/12/2013,1.9425,,,,
7.2E+12,03/13/2013,2.0725,,,,
7.2E+12,03/14/2013,1.8825,,,,
7.2E+12,03/15/2013,1.4325,,,,
7.2E+12,03/18/2013,2.1075,,,,
7.2E+12,03/19/2013,1.9225,,,,
7.2E+12,03/20/2013,1.4275,,,,
7.2E+12,03/21/2013,2.0925,,,,
7.2E+12,03/22/2013,1.9175,,,,
7.2E+12,03/25/2013,1.5175,,,,
7.2E+12,03/26/2013,1.4875,,,,
7.2E+12,03/27/2013,1.46,,,,
7.2E+12,03/28/2013,2.0025,,,,
7.2E+12,03/29/2013,1.48,,,,
7.2E+12,04/01/2013,1.4475,,,,
7.2E+12,04/02/2013,1.4325,,,,
7.2E+12,04/03/2013,1.43,,,,
7.2E+12,04/04/2013,1.43,,,,
7.2E+12,04/05/2013,1.4225,,,,
7.2E+12,04/08/2013,1.4275,,,,
7.2E+12,04/09/2013,1.4225,,,,
7.2E+12,04/10/2013,1.425,,,,
7.2E+12,04/11/2013,2.0175,,,,
7.2E+12,04/12/2013,1.81,,,,
7.2E+12,04/15/2013,1.49,,,,
7.2E+12,04/16/2013,1.5125,,,,
7.2E+12,04/17/2013,2.1275,,,,
7.2E+12,04/18/2013,1.9025,,,,
7.2E+12,04/19/2013,1.665,,,,
7.2E+12,04/22/2013,1.58,,,,
7.2E+12,04/23/2013,2.07,,,,
7.2E+12,04/24/2013,1.9125,,,,
7.2E+12,04/25/2013,2.0425,,,,
7.2E+12,04/26/2013,2.4675,,,,
7.2E+12,04/29/2013,1.505,,,,
7.2E+12,04/30/2013,1.99,,,,
7.2E+12,05/01/2013,1.45,,,,
7.2E+12,05/02/2013,2.46,,,,
7.2E+12,05/03/2013,1.45,,,,
7.2E+12,05/06/2013,2.46,,,,
7.2E+12,05/07/2013,1.8325,,,,
7.2E+12,05/08/2013,2.4625,,,,
7.2E+12,05/09/2013,1.9775,,,,
7.2E+12,05/10/2013,2.4575,,,,
7.2E+12,05/13/2013,2.0475,,,,
7.2E+12,05/14/2013,1.8625,,,,
7.2E+12,05/15/2013,2.46,,,,
7.2E+12,05/16/2013,1.545,,,,
7.2E+12,05/17/2013,1.45,,,,
7.2E+12,05/20/2013,2.1375,,,,
7.2E+12,05/21/2013,2.1575,,,,
7.2E+12,05/22/2013,1.7125,,,,
7.2E+12,05/23/2013,2.0925,,,,
7.2E+12,05/24/2013,1.4475,,,,
7.2E+12,05/27/2013,1.495,,,,
7.2E+12,05/28/2013,2.1125,,,,
7.2E+12,05/29/2013,1.9975,,,,
7.2E+12,05/30/2013,1.9675,,,,
7.2E+12,05/31/2013,1.4475,,,,
7.2E+12,06/03/2013,1.58,,,,
7.2E+12,06/04/2013,2.0525,,,,
7.2E+12,06/05/2013,1.45,,,,
7.2E+12,06/06/2013,1.4475,,,,
7.2E+12,06/07/2013,1.45,,,,
7.2E+12,06/10/2013,1.4475,,,,
7.2E+12,06/11/2013,1.43,,,,
7.2E+12,06/12/2013,1.4325,,,,
7.2E+12,06/13/2013,1.4475,,,,
7.2E+12,06/14/2013,1.43,,,,
7.2E+12,06/17/2013,2.0825,,,,
7.2E+12,06/18/2013,1.865,,,,
7.2E+12,06/19/2013,2.46,,,,
7.2E+12,06/20/2013,1.91,,,,
7.2E+12,06/21/2013,2.46,,,,
7.2E+12,06/24/2013,1.67,,,,
7.2E+12,06/25/2013,2.035,,,,
7.2E+12,06/26/2013,2.115,,,,
7.2E+12,06/27/2013,1.8925,,,,
7.2E+12,06/28/2013,1.9975,,,,
7.2E+12,07/01/2013,2.105,,,,
7.2E+12,07/02/2013,1.9975,,,,
7.2E+12,07/03/2013,2.08,,,,
7.2E+12,07/04/2013,1.925,,,,
7.2E+12,07/05/2013,1.4475,,,,
7.2E+12,07/08/2013,2.1025,,,,
7.2E+12,07/09/2013,2.055,,,,
7.2E+12,07/10/2013,1.9,,,,
7.2E+12,07/11/2013,1.78,,,,
7.2E+12,07/12/2013,1.4475,,,,
7.2E+12,07/15/2013,1.74,,,,
7.2E+12,07/16/2013,1.58,,,,
7.2E+12,07/17/2013,2.07,,,,
7.2E+12,07/18/2013,2.03,,,,
7.2E+12,07/19/2013,1.45,,,,
7.2E+12,07/22/2013,1.4725,,,,
7.2E+12,07/23/2013,2.03,,,,
7.2E+12,07/24/2013,1.9675,,,,
7.2E+12,07/25/2013,2.035,,,,
7.2E+12,07/26/2013,2.0775,,,,
7.2E+12,07/29/2013,2.0675,,,,
7.2E+12,07/30/2013,1.925,,,,
7.2E+12,07/31/2013,2.005,,,,
7.2E+12,08/01/2013,1.8525,,,,
7.2E+12,08/02/2013,1.6125,,,,
7.2E+12,08/05/2013,2.0425,,,,
7.2E+12,08/06/2013,2.1025,,,,
7.2E+12,08/07/2013,1.705,,,,
7.2E+12,08/08/2013,1.7175,,,,
7.2E+12,08/09/2013,1.7625,,,,
7.2E+12,08/12/2013,1.7475,,,,
7.2E+12,08/13/2013,1.7825,,,,
7.2E+12,08/14/2013,1.7575,,,,
7.2E+12,08/15/2013,1.7425,,,,
7.2E+12,08/16/2013,1.7575,,,,
7.2E+12,08/19/2013,1.7475,,,,
7.2E+12,08/20/2013,1.7175,,,,
7.2E+12,08/21/2013,1.715,,,,
7.2E+12,08/22/2013,1.75,,,,
7.2E+12,08/23/2013,1.76,,,,
7.2E+12,08/26/2013,1.7725,,,,
7.2E+12,08/27/2013,1.95,,,,
7.2E+12,08/28/2013,1.95,,,,
7.2E+12,08/29/2013,1.6975,,,,
7.2E+12,08/30/2013,1.7275,,,,
7.2E+12,09/02/2013,1.675,,,,
7.2E+12,09/03/2013,1.705,,,,
7.2E+12,09/04/2013,1.6975,,,,
7.2E+12,09/05/2013,1.62,,,,
7.2E+12,09/06/2013,1.4475,,,,
7.2E+12,09/09/2013,1.705,,,,
7.2E+12,09/10/2013,1.7375,,,,
7.2E+12,09/11/2013,1.7125,,,,
7.2E+12,09/12/2013,1.71,,,,
7.2E+12,09/13/2013,1.74,,,,
7.2E+12,09/16/2013,1.745,,,,
7.2E+12,09/17/2013,1.7125,,,,
7.2E+12,09/18/2013,1.6425,,,,
7.2E+12,09/19/2013,1.6,,,,
7.2E+12,09/20/2013,1.765,,,,
7.2E+12,09/23/2013,1.7075,,,,
7.2E+12,09/24/2013,1.7375,,,,
7.2E+12,09/25/2013,1.685,,,,
7.2E+12,09/26/2013,1.6625,,,,
7.2E+12,09/27/2013,1.755,,,,
7.2E+12,09/30/2013,1.72,,,,
7.2E+12,10/01/2013,1.74,,,,
7.2E+12,10/02/2013,1.78,,,,
7.2E+12,10/03/2013,1.7475,,,,
7.2E+12,10/04/2013,1.945,,,,
7.2E+12,10/07/2013,1.92,,,,
7.2E+12,10/08/2013,1.8,,,,
7.2E+12,10/09/2013,1.8075,,,,
7.2E+12,10/10/2013,1.765,,,,
7.2E+12,10/11/2013,1.7675,,,,
7.2E+12,10/14/2013,1.72,,,,
7.2E+12,10/15/2013,1.8075,,,,
7.2E+12,10/16/2013,1.705,,,,
7.2E+12,10/17/2013,1.6125,,,,
7.2E+12,10/18/2013,1.77,,,,
7.2E+12,10/21/2013,1.7325,,,,
7.2E+12,10/22/2013,1.7975,,,,
7.2E+12,10/23/2013,1.775,,,,
7.2E+12,10/24/2013,1.7375,,,,
7.2E+12,10/25/2013,1.7925,,,,
7.2E+12,10/28/2013,1.8,,,,
7.2E+12,10/29/2013,1.7975,,,,
7.2E+12,10/30/2013,1.8,,,,
7.2E+12,10/31/2013,1.735,,,,
7.2E+12,11/01/2013,1.7975,,,,
7.2E+12,11/04/2013,1.7525,,,,
7.2E+12,11/05/2013,1.45,,,,
7.2E+12,11/06/2013,1.56,,,,
7.2E+12,11/07/2013,1.68,,,,
7.2E+12,11/08/2013,1.45,,,,
7.2E+12,11/11/2013,1.7225,,,,
7.2E+12,11/12/2013,1.7875,,,,
7.2E+12,11/13/2013,1.7775,,,,
7.2E+12,11/14/2013,1.8275,,,,
7.2E+12,11/15/2013,1.6475,,,,
7.2E+12,11/18/2013,1.77,,,,
7.2E+12,11/19/2013,1.8075,,,,
7.2E+12,11/20/2013,1.75,,,,
7.2E+12,11/21/2013,1.8175,,,,
7.2E+12,11/22/2013,1.945,,,,
7.2E+12,11/25/2013,1.76,,,,
7.2E+12,11/26/2013,1.795,,,,
7.2E+12,11/27/2013,1.79,,,,
7.2E+12,11/28/2013,1.7925,,,,
7.2E+12,11/29/2013,1.755,,,,
7.2E+12,12/02/2013,1.785,,,,
7.2E+12,12/03/2013,1.77,,,,
7.2E+12,12/04/2013,1.725,,,,
7.2E+12,12/05/2013,1.7825,,,,
7.2E+12,12/06/2013,1.4475,,,,
7.2E+12,12/09/2013,1.7675,,,,
7.2E+12,12/10/2013,1.6775,,,,
7.2E+12,12/11/2013,1.5325,,,,
7.2E+12,12/12/2013,1.515,,,,
7.2E+12,12/13/2013,1.7275,,,,
7.2E+12,12/16/2013,1.755,,,,
7.2E+12,12/17/2013,1.6575,,,,
7.2E+12,12/18/2013,1.605,,,,
7.2E+12,12/19/2013,1.45,,,,
7.2E+12,12/20/2013,1.7925,,,,
7.2E+12,12/23/2013,1.575,,,,
7.2E+12,12/24/2013,1.7775,,,,
7.2E+12,12/25/2013,1.71,,,,
7.2E+12,12/26/2013,1.745,,,,
7.2E+12,12/27/2013,1.78,,,,
7.2E+12,12/30/2013,1.72,,,,
7.2E+12,12/31/2013,1.7525,,,,
7.2E+12,01/01/2014,1.71,,,,
7.2E+12,01/02/2014,1.76,,,,
7.2E+12,01/03/2014,1.935,,,,
7.2E+12,01/06/2014,1.785,,,,
7.2E+12,01/07/2014,1.855,,,,
7.2E+12,01/08/2014,1.75,,,,
7.2E+12,01/09/2014,1.6675,,,,
7.2E+12,01/10/2014,1.4475,,,,
7.2E+12,01/13/2014,1.7825,,,,
7.2E+12,01/14/2014,1.6775,,,,
7.2E+12,01/15/2014,1.7675,,,,
7.2E+12,01/16/2014,1.7775,,,,
7.2E+12,01/17/2014,1.4475,,,,
7.2E+12,01/20/2014,1.4675,,,,
7.2E+12,01/21/2014,1.7825,,,,
7.2E+12,01/22/2014,1.67,,,,
7.2E+12,01/23/2014,1.575,,,,
7.2E+12,01/24/2014,1.93,,,,
7.2E+12,01/27/2014,1.7775,,,,
7.2E+12,01/28/2014,1.7975,,,,
7.2E+12,01/29/2014,1.79,,,,
7.2E+12,01/30/2014,1.755,,,,
7.2E+12,01/31/2014,1.93,,,,
7.2E+12,02/03/2014,1.725,,,,
7.2E+12,02/04/2014,1.665,,,,
7.2E+12,02/05/2014,1.515,,,,
7.2E+12,02/06/2014,1.5425,,,,
7.2E+12,02/07/2014,1.54,,,,
7.2E+12,02/10/2014,1.535,,,,
7.2E+12,02/11/2014,1.5275,,,,
7.2E+12,02/12/2014,1.51,,,,
7.2E+12,02/13/2014,1.5225,,,,
7.2E+12,02/14/2014,1.4525,,,,
7.2E+12,02/17/2014,1.5725,,,,
7.2E+12,02/18/2014,1.5275,,,,
7.2E+12,02/19/2014,1.54,,,,
7.2E+12,02/20/2014,1.5325,,,,
7.2E+12,02/21/2014,1.5675,,,,
7.2E+12,02/24/2014,1.565,,,,
7.2E+12,02/25/2014,1.58,,,,
7.2E+12,02/26/2014,1.5775,,,,
7.2E+12,02/27/2014,1.575,,,,
7.2E+12,02/28/2014,1.5775,,,,
7.2E+12,03/03/2014,1.575,,,,
7.2E+12,03/04/2014,1.58,,,,
7.2E+12,03/05/2014,1.58,,,,
7.2E+12,03/06/2014,1.5775,,,,
7.2E+12,03/07/2014,1.58,,,,
7.2E+12,03/10/2014,1.5775,,,,
7.2E+12,03/11/2014,1.58,,,,
7.2E+12,03/12/2014,1.58,,,,
7.2E+12,03/13/2014,1.58,,,,
7.2E+12,03/14/2014,1.57,,,,
7.2E+12,03/17/2014,1.565,,,,
7.2E+12,03/18/2014,1.6,,,,
7.2E+12,03/19/2014,1.525,,,,
7.2E+12,03/20/2014,1.6,,,,
7.2E+12,03/21/2014,1.605,,,,
7.2E+12,03/24/2014,1.5975,,,,
7.2E+12,03/25/2014,1.6,,,,
7.2E+12,03/26/2014,1.6,,,,
7.2E+12,03/27/2014,1.6675,,,,
7.2E+12,03/28/2014,1.6175,,,,
7.2E+12,03/31/2014,1.6025,,,,
7.2E+12,04/01/2014,1.6725,,,,
7.2E+12,04/02/2014,1.7,,,,
7.2E+12,04/03/2014,1.71,,,,
7.2E+12,04/04/2014,1.9,,,,
7.2E+12,04/07/2014,1.6325,,,,
7.2E+12,04/08/2014,1.6625,,,,
7.2E+12,04/09/2014,1.8325,,,,
7.2E+12,04/10/2014,1.7225,,,,
7.2E+12,04/11/2014,1.86,,,,
7.2E+12,04/14/2014,1.755,,,,
7.2E+12,04/15/2014,1.505,,,,
7.2E+12,04/16/2014,1.6175,,,,
7.2E+12,04/17/2014,1.775,,,,
7.2E+12,04/18/2014,1.91,,,,
7.2E+12,04/21/2014,1.6925,,,,
7.2E+12,04/22/2014,1.7325,,,,
7.2E+12,04/23/2014,1.7425,,,,
7.2E+12,04/24/2014,1.7175,,,,
7.2E+12,04/25/2014,1.6875,,,,
7.2E+12,04/28/2014,1.5875,,,,
7.2E+12,04/29/2014,1.5825,,,,
7.2E+12,04/30/2014,1.585,,,,
7.2E+12,05/01/2014,1.5625,,,,
7.2E+12,05/02/2014,1.56,,,,
7.2E+12,05/05/2014,1.565,,,,
7.2E+12,05/06/2014,1.575,,,,
7.2E+12,05/07/2014,1.5575,,,,
7.2E+12,05/08/2014,1.5575,,,,
7.2E+12,05/09/2014,1.5575,,,,
7.2E+12,05/12/2014,1.5575,,,,
7.2E+12,05/13/2014,1.5575,,,,
7.2E+12,05/14/2014,1.5575,,,,
7.2E+12,05/15/2014,1.5575,,,,
7.2E+12,05/16/2014,1.555,,,,
7.2E+12,05/19/2014,1.555,,,,
7.2E+12,05/20/2014,1.5575,,,,
7.2E+12,05/21/2014,1.56,,,,
7.2E+12,05/22/2014,1.5575,,,,
7.2E+12,05/23/2014,1.5575,,,,
7.2E+12,05/26/2014,1.5575,,,,
7.2E+12,05/27/2014,1.5575,,,,
7.2E+12,05/28/2014,1.5575,,,,
7.2E+12,05/29/2014,1.5575,,,,
7.2E+12,05/30/2014,1.5575,,,,
7.2E+12,06/02/2014,1.5575,,,,
7.2E+12,06/03/2014,1.5575,,,,
7.2E+12,06/04/2014,1.5575,,,,
7.2E+12,06/05/2014,1.5575,,,,
7.2E+12,06/06/2014,1.5525,,,,
7.2E+12,06/09/2014,1.5625,,,,
7.2E+12,06/10/2014,1.5725,,,,
7.2E+12,06/11/2014,1.5675,,,,
7.2E+12,06/12/2014,1.5675,,,,
7.2E+12,06/13/2014,1.5675,,,,
7.2E+12,06/16/2014,1.565,,,,
7.2E+12,06/17/2014,1.88,,,,
7.2E+12,06/18/2014,1.905,,,,
7.2E+12,06/19/2014,1.84,,,,
7.2E+12,06/20/2014,2.065,,,,
7.2E+12,06/23/2014,1.975,,,,
7.2E+12,06/24/2014,1.8375,,,,
7.2E+12,06/25/2014,1.8375,,,,
7.2E+12,06/26/2014,1.92,,,,
7.2E+12,06/27/2014,1.5675,,,,
7.2E+12,06/30/2014,1.975,,,,
7.2E+12,07/01/2014,1.9875,,,,
7.2E+12,07/02/2014,1.98,,,,
7.2E+12,07/03/2014,2.0075,,,,
7.2E+12,07/04/2014,2.0025,,,,
7.2E+12,07/07/2014,2.0025,,,,
7.2E+12,07/08/2014,2.0025,,,,
7.2E+12,07/09/2014,2.0025,,,,
7.2E+12,07/10/2014,2.0025,,,,
7.2E+12,07/11/2014,2.0025,,,,
7.2E+12,07/14/2014,2.0025,,,,
7.2E+12,07/15/2014,2.0025,,,,
7.2E+12,07/16/2014,2.055,,,,
7.2E+12,07/17/2014,2.055,,,,
7.2E+12,07/18/2014,2.06,,,,
7.2E+12,07/21/2014,2.0625,,,,
7.2E+12,07/22/2014,2.0625,,,,
7.2E+12,07/23/2014,1.915,,,,
7.2E+12,07/24/2014,1.9125,,,,
7.2E+12,07/25/2014,1.915,,,,
7.2E+12,07/28/2014,1.9,,,,
7.2E+12,07/29/2014,1.9,,,,
7.2E+12,07/30/2014,1.9175,,,,
7.2E+12,07/31/2014,1.9,,,,
7.2E+12,08/01/2014,1.8975,,,,
7.2E+12,08/04/2014,1.895,,,,
7.2E+12,08/05/2014,1.9,,,,
7.2E+12,08/06/2014,1.9,,,,
7.2E+12,08/07/2014,1.9475,,,,
7.2E+12,08/08/2014,1.955,,,,
7.2E+12,08/11/2014,1.83,,,,
7.2E+12,08/12/2014,1.85,,,,
7.2E+12,08/13/2014,1.845,,,,
7.2E+12,08/14/2014,1.8525,,,,
7.2E+12,08/15/2014,1.845,,,,
7.2E+12,08/18/2014,1.835,,,,
7.2E+12,08/19/2014,1.835,,,,
7.2E+12,08/20/2014,1.915,,,,
7.2E+12,08/21/2014,1.7575,,,,
7.2E+12,08/22/2014,1.77,,,,
7.2E+12,08/25/2014,1.7675,,,,
7.2E+12,08/26/2014,1.79,,,,
7.2E+12,08/27/2014,1.765,,,,
7.2E+12,08/28/2014,1.77,,,,
7.2E+12,08/29/2014,1.5525,,,,
7.2E+12,09/01/2014,1.8225,,,,
7.2E+12,09/02/2014,1.98,,,,
7.2E+12,09/03/2014,1.87,,,,
7.2E+12,09/04/2014,1.88,,,,
7.2E+12,09/05/2014,1.55,,,,
7.2E+12,09/08/2014,1.95,,,,
7.2E+12,09/09/2014,1.97,,,,
7.2E+12,09/10/2014,1.86,,,,
7.2E+12,09/11/2014,1.8675,,,,
7.2E+12,09/12/2014,1.91,,,,
7.2E+12,09/15/2014,1.855,,,,
7.2E+12,09/16/2014,1.87,,,,
7.2E+12,09/17/2014,1.88,,,,
7.2E+12,09/18/2014,1.9675,,,,
7.2E+12,09/19/2014,1.895,,,,
7.2E+12,09/22/2014,1.8425,,,,
7.2E+12,09/23/2014,1.91,,,,
7.2E+12,09/24/2014,1.79,,,,
7.2E+12,09/25/2014,1.8975,,,,
7.2E+12,09/26/2014,1.935,,,,
7.2E+12,09/29/2014,1.8725,,,,
7.2E+12,09/30/2014,1.87,,,,
7.2E+12,10/01/2014,1.965,,,,
7.2E+12,10/02/2014,2.0225,,,,
7.2E+12,10/03/2014,2.1475,,,,
7.2E+12,10/06/2014,1.885,,,,
7.2E+12,10/07/2014,1.89,,,,
7.2E+12,10/08/2014,1.935,,,,
7.2E+12,10/09/2014,1.96,,,,
7.2E+12,10/10/2014,2.415,,,,
7.2E+12,10/13/2014,2.175,,,,
7.2E+12,10/14/2014,2.035,,,,
7.2E+12,10/15/2014,2.055,,,,
7.2E+12,10/16/2014,2.105,,,,
7.2E+12,10/17/2014,2.42,,,,
7.2E+12,10/20/2014,2.275,,,,
7.2E+12,10/21/2014,2.035,,,,
7.2E+12,10/22/2014,2.13,,,,
7.2E+12,10/23/2014,2.0925,,,,
7.2E+12,10/24/2014,2.42,,,,
7.2E+12,10/27/2014,2.1875,,,,
7.2E+12,10/28/2014,2.225,,,,
7.2E+12,10/29/2014,2.205,,,,
7.2E+12,10/30/2014,2.1,,,,
7.2E+12,10/31/2014,2.17,,,,
7.2E+12,11/03/2014,2.28,,,,
7.2E+12,11/04/2014,2.26,,,,
7.2E+12,11/05/2014,2.245,,,,
7.2E+12,11/06/2014,2.25,,,,
7.2E+12,11/07/2014,2.4125,,,,
7.2E+12,11/10/2014,2.3675,,,,
7.2E+12,11/11/2014,2.07,,,,
7.2E+12,11/12/2014,2.085,,,,
7.2E+12,11/13/2014,2.0775,,,,
7.2E+12,11/14/2014,1.5525,,,,
7.2E+12,11/17/2014,2.1275,,,,
7.2E+12,11/18/2014,1.96,,,,
7.2E+12,11/19/2014,2.085,,,,
7.2E+12,11/20/2014,1.8975,,,,
7.2E+12,11/21/2014,2.41,,,,
7.2E+12,11/24/2014,2.03,,,,
7.2E+12,11/25/2014,1.915,,,,
7.2E+12,11/26/2014,1.955,,,,
7.2E+12,11/27/2014,2.1775,,,,
7.2E+12,11/28/2014,2.555,,,,
7.2E+12,12/01/2014,2.225,,,,
7.2E+12,12/02/2014,2.04,,,,
7.2E+12,12/03/2014,2.1,,,,
7.2E+12,12/04/2014,2.1625,,,,
7.2E+12,12/05/2014,2.53,,,,
7.2E+12,12/08/2014,2.1425,,,,
7.2E+12,12/09/2014,2.025,,,,
7.2E+12,12/10/2014,2.19,,,,
7.2E+12,12/11/2014,2.1975,,,,
7.2E+12,12/12/2014,2.515,,,,
7.2E+12,12/15/2014,2.2325,,,,
7.2E+12,12/16/2014,1.92,,,,
7.2E+12,12/17/2014,2.065,,,,
7.2E+12,12/18/2014,2.21,,,,
7.2E+12,12/19/2014,2.51,,,,
7.2E+12,12/22/2014,2.24,,,,
7.2E+12,12/23/2014,2.18,,,,
7.2E+12,12/24/2014,2.26,,,,
7.2E+12,12/25/2014,2.23,,,,
7.2E+12,12/26/2014,2.525,,,,
7.2E+12,12/29/2014,2.36,,,,
7.2E+12,12/30/2014,2.3425,,,,
7.2E+12,12/31/2014,2.485,,,,
7.2E+12,01/01/2015,2.48,,,,
7.2E+12,01/02/2015,2.515,,,,
7.2E+12,01/05/2015,1.93,,,,
7.2E+12,01/06/2015,2.11,,,,
7.2E+12,01/07/2015,2.12,,,,
7.2E+12,01/08/2015,2.2575,,,,
7.2E+12,01/09/2015,2.515,,,,
7.2E+12,01/12/2015,2.305,,,,
7.2E+12,01/13/2015,2.345,,,,
7.2E+12,01/14/2015,2.37,,,,
7.2E+12,01/15/2015,2.435,,,,
7.2E+12,01/16/2015,2.49,,,,
7.2E+12,01/19/2015,1.9925,,,,
7.2E+12,01/20/2015,2.075,,,,
7.2E+12,01/21/2015,1.94,,,,
7.2E+12,01/22/2015,2.1525,,,,
7.2E+12,01/23/2015,2.49,,,,
7.2E+12,01/26/2015,2.0125,,,,
7.2E+12,01/27/2015,2.14,,,,
7.2E+12,01/28/2015,2.105,,,,
7.2E+12,01/29/2015,2.2125,,,,
7.2E+12,01/30/2015,2.295,,,,
7.2E+12,02/02/2015,2.18,,,,
7.2E+12,02/03/2015,2.375,,,,
7.2E+12,02/04/2015,2.42,,,,
7.2E+12,02/05/2015,2.075,,,,
7.2E+12,02/06/2015,2.5,,,,
7.2E+12,02/09/2015,2.1575,,,,
7.2E+12,02/10/2015,1.95,,,,
7.2E+12,02/11/2015,2.09,,,,
7.2E+12,02/12/2015,2.355,,,,
7.2E+12,02/13/2015,2.28,,,,
7.2E+12,02/16/2015,2.1925,,,,
7.2E+12,02/17/2015,2.31,,,,
7.2E+12,02/18/2015,2.34,,,,
7.2E+12,02/19/2015,2.365,,,,
7.2E+12,02/20/2015,2.475,,,,
7.2E+12,02/23/2015,2.36,,,,
7.2E+12,02/24/2015,2.26,,,,
7.2E+12,02/25/2015,2.27,,,,
7.2E+12,02/26/2015,2.275,,,,
7.2E+12,02/27/2015,2.3,,,,
7.2E+12,03/02/2015,2.425,,,,
7.2E+12,03/03/2015,2.435,,,,
7.2E+12,03/04/2015,2.44,,,,
7.2E+12,03/05/2015,2.4425,,,,
7.2E+12,03/06/2015,2.445,,,,
7.2E+12,03/09/2015,2.445,,,,
7.2E+12,03/10/2015,2.455,,,,
7.2E+12,03/11/2015,2.115,,,,
7.2E+12,03/12/2015,2.155,,,,
7.2E+12,03/13/2015,2.4575,,,,
7.2E+12,03/16/2015,2.155,,,,
7.2E+12,03/17/2015,2.2,,,,
7.2E+12,03/18/2015,2.155,,,,
7.2E+12,03/19/2015,2,,,,
7.2E+12,03/20/2015,2.38,,,,
7.2E+12,03/23/2015,2.1875,,,,
7.2E+12,03/24/2015,2.185,,,,
7.2E+12,03/25/2015,2.14,,,,
7.2E+12,03/26/2015,2.325,,,,
7.2E+12,03/27/2015,2.2925,,,,
7.2E+12,03/30/2015,2.33,,,,
7.2E+12,03/31/2015,2.285,,,,
7.2E+12,04/01/2015,2.29,,,,
7.2E+12,04/02/2015,2.2975,,,,
7.2E+12,04/03/2015,2.2825,,,,
7.2E+12,04/06/2015,2.255,,,,
7.2E+12,04/07/2015,2.27,,,,
7.2E+12,04/08/2015,2.27,,,,
7.2E+12,04/09/2015,2.2875,,,,
7.2E+12,04/10/2015,2.3,,,,
7.2E+12,04/13/2015,2.3,,,,
7.2E+12,04/14/2015,2.275,,,,
7.2E+12,04/15/2015,2.275,,,,
7.2E+12,04/16/2015,2.2775,,,,
7.2E+12,04/17/2015,2.275,,,,
7.2E+12,04/20/2015,2.285,,,,
7.2E+12,04/21/2015,2.285,,,,
7.2E+12,04/22/2015,2.285,,,,
7.2E+12,04/23/2015,2.285,,,,
7.2E+12,04/24/2015,2.285,,,,
7.2E+12,04/27/2015,2.285,,,,
7.2E+12,04/28/2015,2.285,,,,
7.2E+12,04/29/2015,2.285,,,,
7.2E+12,04/30/2015,2.285,,,,
7.2E+12,05/01/2015,2.285,,,,
7.2E+12,05/04/2015,2.45,,,,
7.2E+12,05/05/2015,2.45,,,,
7.2E+12,05/06/2015,2.45,,,,
7.2E+12,05/07/2015,2.45,,,,
7.2E+12,05/08/2015,2.45,,,,
7.2E+12,05/11/2015,2.45,,,,
7.2E+12,05/12/2015,2.45,,,,
7.2E+12,05/13/2015,2.45,,,,
7.2E+12,05/14/2015,2.45,,,,
7.2E+12,05/15/2015,2.45,,,,
7.2E+12,05/18/2015,2.45,,,,
7.2E+12,05/19/2015,2.45,,,,
7.2E+12,05/20/2015,2.38,,,,
7.2E+12,05/21/2015,2.38,,,,
7.2E+12,05/22/2015,2.38,,,,
7.2E+12,05/25/2015,2.38,,,,
7.2E+12,05/26/2015,2.38,,,,
7.2E+12,05/27/2015,2.38,,,,
7.2E+12,05/28/2015,2.38,,,,
7.2E+12,05/29/2015,2.38,,,,
7.2E+12,06/01/2015,2.38,,,,
7.2E+12,06/02/2015,2.38,,,,
7.2E+12,06/03/2015,2.38,,,,
7.2E+12,06/04/2015,1.845,,,,
7.2E+12,06/05/2015,2.38,,,,
7.2E+12,06/08/2015,1.98,,,,
7.2E+12,06/09/2015,1.94,,,,
7.2E+12,06/10/2015,2.08,,,,
7.2E+12,06/11/2015,2.045,,,,
7.2E+12,06/12/2015,2.2075,,,,
7.2E+12,06/15/2015,2.12,,,,
7.2E+12,06/16/2015,2.065,,,,
7.2E+12,06/17/2015,2.125,,,,
7.2E+12,06/18/2015,2.1375,,,,
7.2E+12,06/19/2015,1.825,,,,
7.2E+12,06/22/2015,2.1,,,,
7.2E+12,06/23/2015,2,,,,
7.2E+12,06/24/2015,1.98,,,,
7.2E+12,06/25/2015,1.98,,,,
7.2E+12,06/26/2015,1.94,,,,
7.2E+12,06/29/2015,1.88,,,,
7.2E+12,06/30/2015,1.965,,,,
7.2E+12,07/01/2015,1.855,,,,
7.2E+12,07/02/2015,1.8675,,,,
7.2E+12,07/03/2015,1.9,,,,
7.2E+12,07/06/2015,2.01,,,,
7.2E+12,07/07/2015,2,,,,
7.2E+12,07/08/2015,1.99,,,,
7.2E+12,07/09/2015,2.0025,,,,
7.2E+12,07/10/2015,2.08,,,,
7.2E+12,07/13/2015,2.09,,,,
7.2E+12,07/14/2015,2.09,,,,
7.2E+12,07/15/2015,2.09,,,,
7.2E+12,07/16/2015,2.105,,,,
7.2E+12,07/17/2015,2.105,,,,
7.2E+12,07/20/2015,2.095,,,,
7.2E+12,07/21/2015,2.095,,,,
7.2E+12,07/22/2015,2.095,,,,
7.2E+12,07/23/2015,2.095,,,,
7.2E+12,07/24/2015,2.095,,,,
7.2E+12,07/27/2015,2.095,,,,
7.2E+12,07/28/2015,2.095,,,,
7.2E+12,07/29/2015,2.095,,,,
7.2E+12,07/30/2015,2.095,,,,
7.2E+12,07/31/2015,2.095,,,,
7.2E+12,08/03/2015,2.095,,,,
7.2E+12,08/04/2015,2.095,,,,
7.2E+12,08/05/2015,2.095,,,,
7.2E+12,08/06/2015,2.095,,,,
7.2E+12,08/07/2015,2.095,,,,
7.2E+12,08/10/2015,2.095,,,,
7.2E+12,08/11/2015,2.095,,,,
7.2E+12,08/12/2015,2.095,,,,
7.2E+12,08/13/2015,2.095,,,,
7.2E+12,08/14/2015,2.095,,,,
7.2E+12,08/17/2015,2.095,,,,
7.2E+12,08/18/2015,2.095,,,,
7.2E+12,08/19/2015,2.095,,,,
7.2E+12,08/20/2015,2.07,,,,
7.2E+12,08/21/2015,2.07,,,,
7.2E+12,08/24/2015,1.805,,,,
7.2E+12,08/25/2015,1.905,,,,
7.2E+12,08/26/2015,1.895,,,,
7.2E+12,08/27/2015,1.92,,,,
7.2E+12,08/28/2015,1.875,,,,
7.2E+12,08/31/2015,1.905,,,,
7.2E+12,09/01/2015,1.945,,,,
7.2E+12,09/02/2015,1.745,,,,
7.2E+12,09/03/2015,1.76,,,,
7.2E+12,09/04/2015,1.83,,,,
7.2E+12,09/07/2015,1.85,,,,
7.2E+12,09/08/2015,1.8525,,,,
7.2E+12,09/09/2015,1.9,,,,
7.2E+12,09/10/2015,1.75,,,,
7.2E+12,09/11/2015,1.82,,,,
7.2E+12,09/14/2015,1.8675,,,,
7.2E+12,09/15/2015,1.88,,,,
7.2E+12,09/16/2015,1.905,,,,
7.2E+12,09/17/2015,1.855,,,,
7.2E+12,09/18/2015,1.955,,,,
7.2E+12,09/21/2015,1.985,,,,
7.2E+12,09/22/2015,2.015,,,,
7.2E+12,09/23/2015,2.015,,,,
7.2E+12,09/24/2015,1.86,,,,
7.2E+12,09/25/2015,1.94,,,,
7.2E+12,09/28/2015,1.95,,,,
7.2E+12,09/29/2015,1.9875,,,,
7.2E+12,09/30/2015,1.865,,,,
7.2E+12,10/01/2015,2.1625,,,,
7.2E+12,10/02/2015,2.165,,,,
7.2E+12,10/05/2015,2.05,,,,
7.2E+12,10/06/2015,2.035,,,,
7.2E+12,10/07/2015,2.105,,,,
7.2E+12,10/08/2015,2.115,,,,
7.2E+12,10/09/2015,2.1875,,,,
7.2E+12,10/12/2015,2.1875,,,,
7.2E+12,10/13/2015,2.1875,,,,
7.2E+12,10/14/2015,2.1875,,,,
7.2E+12,10/15/2015,2.1875,,,,
7.2E+12,10/16/2015,2.1875,,,,
7.2E+12,10/19/2015,2.1875,,,,
7.2E+12,10/20/2015,2.1875,,,,
7.2E+12,10/21/2015,2.1875,,,,
7.2E+12,10/22/2015,2.23,,,,
7.2E+12,10/23/2015,2.255,,,,
7.2E+12,10/26/2015,2.255,,,,
7.2E+12,10/27/2015,2.275,,,,
7.2E+12,10/28/2015,2.275,,,,
7.2E+12,10/29/2015,2.285,,,,
7.2E+12,10/30/2015,2.285,,,,
7.2E+12,11/02/2015,2.285,,,,
7.2E+12,11/03/2015,2.28,,,,
7.2E+12,11/04/2015,2.29,,,,
7.2E+12,11/05/2015,2.28,,,,
7.2E+12,11/06/2015,2.29,,,,
7.2E+12,11/09/2015,2.285,,,,
7.2E+12,11/10/2015,2.2875,,,,
7.2E+12,11/11/2015,2.29,,,,
7.2E+12,11/12/2015,2.29,,,,
7.2E+12,11/13/2015,2.29,,,,
7.2E+12,11/16/2015,1.86,,,,
7.2E+12,11/17/2015,1.855,,,,
7.2E+12,11/18/2015,1.88,,,,
7.2E+12,11/19/2015,1.91,,,,
7.2E+12,11/20/2015,1.835,,,,
7.2E+12,11/23/2015,1.975,,,,
7.2E+12,11/24/2015,2.185,,,,
7.2E+12,11/25/2015,2.215,,,,
7.2E+12,11/26/2015,2.16,,,,
7.2E+12,11/27/2015,2.315,,,,
7.2E+12,11/30/2015,2.43,,,,
7.2E+12,12/01/2015,2.47,,,,
7.2E+12,12/02/2015,2.09,,,,
7.2E+12,12/03/2015,2.125,,,,
7.2E+12,12/04/2015,2.1925,,,,
7.2E+12,12/07/2015,2.175,,,,
7.2E+12,12/08/2015,2.345,,,,
7.2E+12,12/09/2015,2.36,,,,
7.2E+12,12/10/2015,2.405,,,,
7.2E+12,12/11/2015,2.52,,,,
7.2E+12,12/14/2015,2.56,,,,
7.2E+12,12/15/2015,2.565,,,,
7.2E+12,12/16/2015,2.575,,,,
7.2E+12,12/17/2015,2,,,,
7.2E+12,12/18/2015,2.05,,,,
7.2E+12,12/21/2015,2.12,,,,
7.2E+12,12/22/2015,2.18,,,,
7.2E+12,12/23/2015,1.945,,,,
7.2E+12,12/24/2015,2.285,,,,
7.2E+12,12/25/2015,2.225,,,,
7.2E+12,12/28/2015,2.305,,,,
7.2E+12,12/29/2015,2.2925,,,,
7.2E+12,12/30/2015,2.035,,,,
7.2E+12,12/31/2015,2,,,,
7.2E+12,01/01/2016,2.15,,,,
7.2E+12,01/04/2016,2.32,,,,
7.2E+12,01/05/2016,2.2225,,,,
7.2E+12,01/06/2016,2.23,,,,
7.2E+12,01/07/2016,2.345,,,,
7.2E+12,01/08/2016,2.345,,,,
7.2E+12,01/11/2016,2.38,,,,
7.2E+12,01/12/2016,2.38,,,,
7.2E+12,01/13/2016,2.4,,,,
7.2E+12,01/14/2016,2.135,,,,
7.2E+12,01/15/2016,2.18,,,,
7.2E+12,01/18/2016,2.18,,,,
7.2E+12,01/19/2016,2.355,,,,
7.2E+12,01/20/2016,2.37,,,,
7.2E+12,01/21/2016,2.345,,,,
7.2E+12,01/22/2016,2.285,,,,
7.2E+12,01/25/2016,2.285,,,,
7.2E+12,01/26/2016,2.115,,,,
7.2E+12,01/27/2016,2.155,,,,
7.2E+12,01/28/2016,2.285,,,,
7.2E+12,01/29/2016,2.3,,,,
7.2E+12,02/01/2016,2.2575,,,,
7.2E+12,02/02/2016,2.3,,,,
7.2E+12,02/03/2016,2.315,,,,
7.2E+12,02/04/2016,2.38,,,,
7.2E+12,02/05/2016,2.4225,,,,
7.2E+12,02/08/2016,2.4225,,,,
7.2E+12,02/09/2016,2.01,,,,
7.2E+12,02/10/2016,1.975,,,,
7.2E+12,02/11/2016,2.175,,,,
7.2E+12,02/12/2016,2.275,,,,
7.2E+12,02/15/2016,2.085,,,,
7.2E+12,02/16/2016,2.095,,,,
7.2E+12,02/17/2016,2.17,,,,
7.2E+12,02/18/2016,2.23,,,,
7.2E+12,02/19/2016,2.3575,,,,
7.2E+12,02/22/2016,2.2375,,,,
7.2E+12,02/23/2016,2.085,,,,
7.2E+12,02/24/2016,2.2,,,,
7.2E+12,02/25/2016,2.13,,,,
7.2E+12,02/26/2016,1.995,,,,
7.2E+12,02/29/2016,2.3575,,,,
7.2E+12,03/01/2016,2.355,,,,
7.2E+12,03/02/2016,2.345,,,,
7.2E+12,03/03/2016,2.275,,,,
7.2E+12,03/04/2016,2.3475,,,,
7.2E+12,03/07/2016,2.3475,,,,
7.2E+12,03/08/2016,2.3475,,,,
7.2E+12,03/09/2016,2.3475,,,,
7.2E+12,03/10/2016,2.3475,,,,
7.2E+12,03/11/2016,2.3475,,,,
7.2E+12,03/14/2016,2.775,,,,
7.2E+12,03/15/2016,2.775,,,,
7.2E+12,03/16/2016,2.775,,,,
7.2E+12,03/17/2016,2.775,,,,
7.2E+12,03/18/2016,2.775,,,,
7.2E+12,03/21/2016,2.775,,,,
7.2E+12,03/22/2016,2.775,,,,
7.2E+12,03/23/2016,2.775,,,,
7.2E+12,03/24/2016,2.775,,,,
7.2E+12,03/25/2016,2.775,,,,
7.2E+12,03/28/2016,2.775,,,,
7.2E+12,03/29/2016,2.775,,,,
7.2E+12,03/30/2016,2.775,,,,
7.2E+12,03/31/2016,2.775,,,,
7.2E+12,04/01/2016,2.775,,,,
7.2E+12,04/04/2016,2.775,,,,
7.2E+12,04/05/2016,2.775,,,,
7.2E+12,04/06/2016,2.775,,,,
7.2E+12,04/07/2016,2.775,,,,
7.2E+12,04/08/2016,2.775,,,,
7.2E+12,04/11/2016,2.775,,,,
7.2E+12,04/12/2016,2.775,,,,
7.2E+12,04/13/2016,2.775,,,,
7.2E+12,04/14/2016,2.775,,,,
7.2E+12,04/15/2016,2.185,,,,
7.2E+12,04/18/2016,2.2,,,,
7.2E+12,04/19/2016,2.03,,,,
7.2E+12,04/20/2016,2.11,,,,
7.2E+12,04/21/2016,2.255,,,,
7.2E+12,04/22/2016,2.2675,,,,
7.2E+12,04/25/2016,2.295,,,,
7.2E+12,04/26/2016,2.3675,,,,
7.2E+12,04/27/2016,2.42,,,,
7.2E+12,04/28/2016,2.38,,,,
7.2E+12,04/29/2016,2.41,,,,
7.2E+12,05/02/2016,2.41,,,,
7.2E+12,05/03/2016,2.41,,,,
7.2E+12,05/04/2016,2.41,,,,
7.2E+12,05/05/2016,2.41,,,,
7.2E+12,05/06/2016,2.41,,,,
7.2E+12,05/09/2016,2.775,,,,
7.2E+12,05/10/2016,2.775,,,,
7.2E+12,05/11/2016,2.775,,,,
7.2E+12,05/12/2016,2.775,,,,
7.2E+12,05/13/2016,2.775,,,,
7.2E+12,05/16/2016,2.775,,,,
7.2E+12,05/17/2016,2.775,,,,
7.2E+12,05/18/2016,2.775,,,,
7.2E+12,05/19/2016,2.13,,,,
7.2E+12,05/20/2016,2.2,,,,
7.2E+12,05/23/2016,2.2,,,,
7.2E+12,05/24/2016,2.215,,,,
7.2E+12,05/25/2016,2.26,,,,
7.2E+12,05/26/2016,2.3,,,,
7.2E+12,05/27/2016,2.34,,,,
7.2E+12,05/30/2016,2.34,,,,
7.2E+12,05/31/2016,1.95,,,,
7.2E+12,06/01/2016,1.995,,,,
7.2E+12,06/02/2016,2.015,,,,
7.2E+12,06/03/2016,2.215,,,,
7.2E+12,06/06/2016,2.15,,,,
7.2E+12,06/07/2016,2.245,,,,
7.2E+12,06/08/2016,2.315,,,,
7.2E+12,06/09/2016,2.31,,,,
7.2E+12,06/10/2016,2.385,,,,
7.2E+12,06/13/2016,2.385,,,,
7.2E+12,06/14/2016,2.385,,,,
7.2E+12,06/15/2016,2.385,,,,
7.2E+12,06/16/2016,2.385,,,,
7.2E+12,06/17/2016,2.385,,,,
7.2E+12,06/20/2016,2.385,,,,
7.2E+12,06/21/2016,2,,,,
7.2E+12,06/22/2016,2.22,,,,
7.2E+12,06/23/2016,2.17,,,,
7.2E+12,06/24/2016,2.27,,,,
7.2E+12,06/27/2016,2.38,,,,
7.2E+12,06/28/2016,2.15,,,,
7.2E+12,06/29/2016,2.07,,,,
7.2E+12,06/30/2016,2.12,,,,
7.2E+12,07/01/2016,2.29,,,,
7.2E+12,07/04/2016,2.305,,,,
7.2E+12,07/05/2016,2.315,,,,
7.2E+12,07/06/2016,2.295,,,,
7.2E+12,07/07/2016,2.295,,,,
7.2E+12,07/08/2016,2.575,,,,
7.2E+12,07/11/2016,2.575,,,,
7.2E+12,07/12/2016,2.575,,,,
7.2E+12,07/13/2016,2.575,,,,
7.2E+12,07/14/2016,2.575,,,,
7.2E+12,07/15/2016,2.575,,,,
7.2E+12,07/18/2016,2.775,,,,
7.2E+12,07/19/2016,2.775,,,,
7.2E+12,07/20/2016,2.09,,,,
7.2E+12,07/21/2016,2.17,,,,
7.2E+12,07/22/2016,2.2425,,,,
7.2E+12,07/25/2016,2.055,,,,
7.2E+12,07/26/2016,2.06,,,,
7.2E+12,07/27/2016,2,,,,
7.2E+12,07/28/2016,2.175,,,,
7.2E+12,07/29/2016,2.14,,,,
7.2E+12,08/01/2016,2.2,,,,
7.2E+12,08/02/2016,1.995,,,,
7.2E+12,08/03/2016,2.035,,,,
7.2E+12,08/04/2016,2.14,,,,
7.2E+12,08/05/2016,2.06,,,,
7.2E+12,08/08/2016,2.105,,,,
7.2E+12,08/09/2016,2.115,,,,
7.2E+12,08/10/2016,2.06,,,,
7.2E+12,08/11/2016,2.145,,,,
7.2E+12,08/12/2016,2.055,,,,
7.2E+12,08/15/2016,2.22,,,,
7.2E+12,08/16/2016,2.075,,,,
7.2E+12,08/17/2016,2.115,,,,
7.2E+12,08/18/2016,2.285,,,,
7.2E+12,08/19/2016,2.19,,,,
7.2E+12,08/22/2016,2.365,,,,
7.2E+12,08/23/2016,2.095,,,,
7.2E+12,08/24/2016,2.135,,,,
7.2E+12,08/25/2016,2.155,,,,
7.2E+12,08/26/2016,2.07,,,,
7.2E+12,08/29/2016,2.22,,,,
7.2E+12,08/30/2016,2.47,,,,
7.2E+12,08/31/2016,2.475,,,,
7.2E+12,09/01/2016,2.505,,,,
7.2E+12,09/02/2016,2.47,,,,
7.2E+12,09/05/2016,2.38,,,,
7.2E+12,09/06/2016,2.525,,,,
7.2E+12,09/07/2016,2.525,,,,
7.2E+12,09/08/2016,2.545,,,,
7.2E+12,09/09/2016,2.535,,,,
7.2E+12,09/12/2016,2.535,,,,
7.2E+12,09/13/2016,2.535,,,,
7.2E+12,09/14/2016,2.535,,,,
7.2E+12,09/15/2016,2.1,,,,
7.2E+12,09/16/2016,2.1475,,,,
7.2E+12,09/19/2016,2.215,,,,
7.2E+12,09/20/2016,2.205,,,,
7.2E+12,09/21/2016,2.075,,,,
7.2E+12,09/22/2016,2.26,,,,
7.2E+12,09/23/2016,2.225,,,,
7.2E+12,09/26/2016,2.225,,,,
7.2E+12,09/27/2016,2.34,,,,
7.2E+12,09/28/2016,2.1,,,,
7.2E+12,09/29/2016,2.095,,,,
7.2E+12,09/30/2016,2.07,,,,
7.2E+12,10/03/2016,2.235,,,,
7.2E+12,10/04/2016,2.245,,,,
7.2E+12,10/05/2016,2.32,,,,
7.2E+12,10/06/2016,2.345,,,,
7.2E+12,10/07/2016,2.255,,,,
7.2E+12,10/10/2016,2.39,,,,
7.2E+12,10/11/2016,2.385,,,,
7.2E+12,10/12/2016,2.385,,,,
7.2E+12,10/13/2016,2.08,,,,
7.2E+12,10/14/2016,2.08,,,,
7.2E+12,10/17/2016,2.235,,,,
7.2E+12,10/18/2016,2.24,,,,
7.2E+12,10/19/2016,2.24,,,,
7.2E+12,10/20/2016,2.11,,,,
7.2E+12,10/21/2016,2.1,,,,
7.2E+12,10/24/2016,2.16,,,,
7.2E+12,10/25/2016,2.075,,,,
7.2E+12,10/26/2016,2.115,,,,
7.2E+12,10/27/2016,2.185,,,,
7.2E+12,10/28/2016,2.175,,,,
7.2E+12,10/31/2016,2.18,,,,
7.2E+12,11/01/2016,2.265,,,,
7.2E+12,11/02/2016,2.45,,,,
7.2E+12,11/03/2016,2.435,,,,
7.2E+12,11/04/2016,2.37,,,,
7.2E+12,11/07/2016,2.44,,,,
7.2E+12,11/08/2016,2.325,,,,
7.2E+12,11/09/2016,2.48,,,,
7.2E+12,11/10/2016,2.46,,,,
7.2E+12,11/11/2016,2.45,,,,
7.2E+12,11/14/2016,2.55,,,,
7.2E+12,11/15/2016,2.55,,,,
7.2E+12,11/16/2016,2.035,,,,
7.2E+12,11/17/2016,2.145,,,,
7.2E+12,11/18/2016,2.255,,,,
7.2E+12,11/21/2016,2.035,,,,
7.2E+12,11/22/2016,2,,,,
7.2E+12,11/23/2016,2.09,,,,
7.2E+12,11/24/2016,2.26,,,,
7.2E+12,11/25/2016,2.23,,,,
7.2E+12,11/28/2016,1.985,,,,
7.2E+12,11/29/2016,2.035,,,,
7.2E+12,11/30/2016,2.045,,,,
7.2E+12,12/01/2016,2.1125,,,,
7.2E+12,12/02/2016,2.115,,,,
7.2E+12,12/05/2016,2.05,,,,
7.2E+12,12/06/2016,2.045,,,,
7.2E+12,12/07/2016,2.065,,,,
7.2E+12,12/08/2016,2.25,,,,
7.2E+12,12/09/2016,2.24,,,,
7.2E+12,12/12/2016,2.055,,,,
7.2E+12,12/13/2016,2.065,,,,
7.2E+12,12/14/2016,2.015,,,,
7.2E+12,12/15/2016,2.24,,,,
7.2E+12,12/16/2016,2.25,,,,
7.2E+12,12/19/2016,2.175,,,,
7.2E+12,12/20/2016,2.31,,,,
7.2E+12,12/21/2016,2.31,,,,
7.2E+12,12/22/2016,2.39,,,,
7.2E+12,12/23/2016,2.3725,,,,
7.2E+12,12/26/2016,2.3725,,,,
7.2E+12,12/27/2016,2.3725,,,,
7.2E+12,12/28/2016,2.3725,,,,
7.2E+12,12/29/2016,2.3725,,,,
7.2E+12,12/30/2016,2.155,,,,
7.2E+12,01/02/2017,2.14,,,,
7.2E+12,01/03/2017,2.15,,,,
7.2E+12,01/04/2017,2.245,,,,
7.2E+12,01/05/2017,2.02,,,,
7.2E+12,01/06/2017,2.14,,,,
7.2E+12,01/09/2017,2.09,,,,
7.2E+12,01/10/2017,2.145,,,,
7.2E+12,01/11/2017,2.07,,,,
7.2E+12,01/12/2017,2.19,,,,
7.2E+12,01/13/2017,2.27,,,,
7.2E+12,01/16/2017,2.105,,,,
7.2E+12,01/17/2017,2.165,,,,
7.2E+12,01/18/2017,2.055,,,,
7.2E+12,01/19/2017,2.135,,,,
7.2E+12,01/20/2017,2.305,,,,
7.2E+12,01/23/2017,2.18,,,,
7.2E+12,01/24/2017,2.155,,,,
7.2E+12,01/25/2017,2.195,,,,
7.2E+12,01/26/2017,2.035,,,,
7.2E+12,01/27/2017,2.05,,,,
7.2E+12,01/30/2017,2.2,,,,
7.2E+12,01/31/2017,2.3375,,,,
7.2E+12,02/01/2017,2.3425,,,,
7.2E+12,02/02/2017,2.3375,,,,
7.2E+12,02/03/2017,2.18,,,,
7.2E+12,02/06/2017,2.41,,,,
7.2E+12,02/07/2017,2.13,,,,
7.2E+12,02/08/2017,2.245,,,,
7.2E+12,02/09/2017,2.24,,,,
7.2E+12,02/10/2017,2.275,,,,
7.2E+12,02/13/2017,2.175,,,,
7.2E+12,02/14/2017,2.16,,,,
7.2E+12,02/15/2017,2.27,,,,
7.2E+12,02/16/2017,2.17,,,,
7.2E+12,02/17/2017,1.985,,,,
7.2E+12,02/20/2017,2.38,,,,
7.2E+12,02/21/2017,2.325,,,,
7.2E+12,02/22/2017,2.4,,,,
7.2E+12,02/23/2017,2.375,,,,
7.2E+12,02/24/2017,2.36,,,,
7.2E+12,02/27/2017,2.485,,,,
7.2E+12,02/28/2017,2.465,,,,
7.2E+12,03/01/2017,2.375,,,,
7.2E+12,03/02/2017,2.605,,,,
7.2E+12,03/03/2017,2.605,,,,
7.2E+12,03/06/2017,2.07,,,,
7.2E+12,03/07/2017,2.225,,,,
7.2E+12,03/08/2017,2.065,,,,
7.2E+12,03/09/2017,2.09,,,,
7.2E+12,03/10/2017,2.19,,,,
7.2E+12,03/13/2017,2.22,,,,
7.2E+12,03/14/2017,2.105,,,,
7.2E+12,03/15/2017,2.195,,,,
7.2E+12,03/16/2017,2.305,,,,
7.2E+12,03/17/2017,2.24,,,,
7.2E+12,03/20/2017,2.35,,,,
7.2E+12,03/21/2017,2.34,,,,
7.2E+12,03/22/2017,2.265,,,,
7.2E+12,03/23/2017,2.265,,,,
7.2E+12,03/24/2017,2.285,,,,
7.2E+12,03/27/2017,2.135,,,,
7.2E+12,03/28/2017,2.055,,,,
7.2E+12,03/29/2017,2.34,,,,
7.2E+12,03/30/2017,2.34,,,,
7.2E+12,03/31/2017,2.165,,,,
7.2E+12,04/03/2017,2.055,,,,
7.2E+12,04/04/2017,2.11,,,,
7.2E+12,04/05/2017,2.25,,,,
7.2E+12,04/06/2017,2.31,,,,
7.2E+12,04/07/2017,2.07,,,,
7.2E+12,04/10/2017,2.415,,,,
7.2E+12,04/11/2017,2.365,,,,
7.2E+12,04/12/2017,2.4525,,,,
7.2E+12,04/13/2017,2.395,,,,
7.2E+12,04/14/2017,2.375,,,,
7.2E+12,04/17/2017,2.375,,,,
7.2E+12,04/18/2017,2.375,,,,
7.2E+12,04/19/2017,2.375,,,,
7.2E+12,04/20/2017,2.375,,,,
7.2E+12,04/21/2017,2.375,,,,
7.2E+12,04/24/2017,2.375,,,,
7.2E+12,04/25/2017,2.605,,,,
7.2E+12,04/26/2017,2.59,,,,
7.2E+12,04/27/2017,2.59,,,,
7.2E+12,04/28/2017,2.575,,,,
7.2E+12,05/01/2017,2.545,,,,
7.2E+12,05/02/2017,2.565,,,,
7.2E+12,05/03/2017,2.63,,,,
7.2E+12,05/04/2017,2.625,,,,
7.2E+12,05/05/2017,2.625,,,,
7.2E+12,05/08/2017,2.63,,,,
7.2E+12,05/09/2017,2.635,,,,
7.2E+12,05/10/2017,2.635,,,,
7.2E+12,05/11/2017,2.635,,,,
7.2E+12,05/12/2017,2.635,,,,
7.2E+12,05/15/2017,2.635,,,,
7.2E+12,05/16/2017,2.635,,,,
7.2E+12,05/17/2017,2.635,,,,
7.2E+12,05/18/2017,2.635,,,,
7.2E+12,05/19/2017,2.635,,,,
7.2E+12,05/22/2017,2.775,,,,
7.2E+12,05/23/2017,2.775,,,,
7.2E+12,05/24/2017,2.775,,,,
7.2E+12,05/25/2017,2.775,,,,
7.2E+12,05/26/2017,2.775,,,,
7.2E+12,05/29/2017,2.775,,,,
7.2E+12,05/30/2017,2.775,,,,
7.2E+12,05/31/2017,2.775,,,,
7.2E+12,06/01/2017,2.25,,,,
7.2E+12,06/02/2017,2.275,,,,
7.2E+12,06/05/2017,2.4,,,,
7.2E+12,06/06/2017,2.405,,,,
7.2E+12,06/07/2017,2.435,,,,
7.2E+12,06/08/2017,2.445,,,,
7.2E+12,06/09/2017,2.36,,,,
7.2E+12,06/12/2017,2.36,,,,
7.2E+12,06/13/2017,2.535,,,,
7.2E+12,06/14/2017,2.57,,,,
7.2E+12,06/15/2017,2.57,,,,
7.2E+12,06/16/2017,2.57,,,,
7.2E+12,06/19/2017,2.615,,,,
7.2E+12,06/20/2017,2.65,,,,
7.2E+12,06/21/2017,2.65,,,,
7.2E+12,06/22/2017,2.65,,,,
7.2E+12,06/23/2017,2.65,,,,
7.2E+12,06/26/2017,2.65,,,,
7.2E+12,06/27/2017,2.66,,,,
7.2E+12,06/28/2017,2.66,,,,
7.2E+12,06/29/2017,2.66,,,,
7.2E+12,06/30/2017,2.66,,,,
7.2E+12,07/03/2017,2.66,,,,
7.2E+12,07/04/2017,2.66,,,,
7.2E+12,07/05/2017,2.66,,,,
7.2E+12,07/06/2017,2.66,,,,
7.2E+12,07/07/2017,2.635,,,,
7.2E+12,07/10/2017,2.635,,,,
7.2E+12,07/11/2017,2.63,,,,
7.2E+12,07/12/2017,2.63,,,,
7.2E+12,07/13/2017,2.63,,,,
7.2E+12,07/14/2017,2.63,,,,
7.2E+12,07/17/2017,2.63,,,,
7.2E+12,07/18/2017,2.63,,,,
7.2E+12,07/19/2017,2.63,,,,
7.2E+12,07/20/2017,2.63,,,,
7.2E+12,07/21/2017,2.63,,,,
7.2E+12,07/24/2017,2.63,,,,
7.2E+12,07/25/2017,2.63,,,,
7.2E+12,07/26/2017,2.63,,,,
7.2E+12,07/27/2017,2.63,,,,
7.2E+12,07/28/2017,2.64,,,,
7.2E+12,07/31/2017,2.64,,,,
7.2E+12,08/01/2017,2.64,,,,
7.2E+12,08/02/2017,2.64,,,,
7.2E+12,08/03/2017,2.64,,,,
7.2E+12,08/04/2017,2.64,,,,
7.2E+12,08/07/2017,2.64,,,,
7.2E+12,08/08/2017,2.64,,,,
7.2E+12,08/09/2017,2.64,,,,
7.2E+12,08/10/2017,2.64,,,,
7.2E+12,08/11/2017,2.64,,,,
7.2E+12,08/14/2017,2.64,,,,
7.2E+12,08/15/2017,2.64,,,,
7.2E+12,08/16/2017,2.64,,,,
7.2E+12,08/17/2017,2.64,,,,
7.2E+12,08/18/2017,2.64,,,,
7.2E+12,08/21/2017,2.64,,,,
7.2E+12,08/22/2017,2.64,,,,
7.2E+12,08/23/2017,2.64,,,,
7.2E+12,08/24/2017,2.64,,,,
7.2E+12,08/25/2017,2.64,,,,
7.2E+12,08/28/2017,2.64,,,,
7.2E+12,08/29/2017,2.64,,,,
7.2E+12,08/30/2017,2.64,,,,
7.2E+12,08/31/2017,2.64,,,,
7.2E+12,09/01/2017,2.64,,,,
7.2E+12,09/04/2017,2.64,,,,
7.2E+12,09/05/2017,2.64,,,,
7.2E+12,09/06/2017,2.64,,,,
7.2E+12,09/07/2017,2.64,,,,
7.2E+12,09/08/2017,2.64,,,,
7.2E+12,09/11/2017,2.64,,,,
7.2E+12,09/12/2017,2.64,,,,
7.2E+12,09/13/2017,2.64,,,,
7.2E+12,09/14/2017,2.64,,,,
7.2E+12,09/15/2017,2.64,,,,
7.2E+12,09/18/2017,2.64,,,,
7.2E+12,09/19/2017,2.64,,,,
7.2E+12,09/20/2017,2.64,,,,
7.2E+12,09/21/2017,2.64,,,,
7.2E+12,09/22/2017,2.64,,,,
7.2E+12,09/25/2017,2.64,,,,
7.2E+12,09/26/2017,2.64,,,,
7.2E+12,09/27/2017,2.64,,,,
7.2E+12,09/28/2017,2.64,,,,
7.2E+12,09/29/2017,2.64,,,,
7.2E+12,10/02/2017,2.64,,,,
7.2E+12,10/03/2017,2.64,,,,
7.2E+12,10/04/2017,2.64,,,,
7.2E+12,10/05/2017,2.64,,,,
7.2E+12,10/06/2017,2.64,,,,
7.2E+12,10/09/2017,2.64,,,,
7.2E+12,10/10/2017,2.64,,,,
7.2E+12,10/11/2017,2.64,,,,
7.2E+12,10/12/2017,2.64,,,,
7.2E+12,10/13/2017,2.64,,,,
7.2E+12,10/16/2017,2.64,,,,
7.2E+12,10/17/2017,2.64,,,,
7.2E+12,10/18/2017,2.64,,,,
7.2E+12,10/19/2017,2.64,,,,
7.2E+12,10/20/2017,2.64,,,,
7.2E+12,10/23/2017,2.64,,,,
7.2E+12,10/24/2017,2.64,,,,
7.2E+12,10/25/2017,2.64,,,,
7.2E+12,10/26/2017,2.64,,,,
7.2E+12,10/27/2017,2.64,,,,
7.2E+12,10/30/2017,2.64,,,,
7.2E+12,10/31/2017,2.64,,,,
7.2E+12,11/01/2017,2.64,,,,
7.2E+12,11/02/2017,2.64,,,,
7.2E+12,11/03/2017,2.64,,,,
7.2E+12,11/06/2017,2.64,,,,
7.2E+12,11/07/2017,2.64,,,,
7.2E+12,11/08/2017,2.64,,,,
7.2E+12,11/09/2017,2.64,,,,
7.2E+12,11/10/2017,2.64,,,,
7.2E+12,11/13/2017,2.64,,,,
7.2E+12,11/14/2017,2.64,,,,
7.2E+12,11/15/2017,2.64,,,,
7.2E+12,11/16/2017,2.64,,,,
7.2E+12,11/17/2017,2.64,,,,
7.2E+12,11/20/2017,2.64,,,,
7.2E+12,11/21/2017,2.64,,,,
7.2E+12,11/22/2017,2.64,,,,
7.2E+12,11/23/2017,2.64,,,,
7.2E+12,11/24/2017,2.64,,,,
7.2E+12,11/27/2017,2.64,,,,
7.2E+12,11/28/2017,2.64,,,,
7.2E+12,11/29/2017,2.64,,,,
7.2E+12,11/30/2017,2.64,,,,
7.2E+12,12/01/2017,2.64,,,,
7.2E+12,12/04/2017,2.64,,,,
7.2E+12,12/05/2017,2.64,,,,
7.2E+12,12/06/2017,2.64,,,,
7.2E+12,12/07/2017,2.64,,,,
7.2E+12,12/08/2017,2.64,,,,
7.2E+12,12/11/2017,2.64,,,,
7.2E+12,12/12/2017,2.64,,,,
7.2E+12,12/13/2017,2.64,,,,
7.2E+12,12/14/2017,2.64,,,,
7.2E+12,12/15/2017,2.64,,,,
7.2E+12,12/18/2017,2.64,,,,
7.2E+12,12/19/2017,2.64,,,,
7.2E+12,12/20/2017,2.64,,,,
7.2E+12,12/21/2017,2.64,,,,
7.2E+12,12/22/2017,2.64,,,,
7.2E+12,12/25/2017,2.64,,,,
7.2E+12,12/26/2017,2.64,,,,
7.2E+12,12/27/2017,2.64,,,,
7.2E+12,12/28/2017,2.64,,,,
7.2E+12,12/29/2017,2.64,,,,
7.2E+12,01/01/2018,2.64,,,,
7.2E+12,01/02/2018,2.64,,,,
7.2E+12,01/03/2018,2.64,,,,
7.2E+12,01/04/2018,2.64,,,,
7.2E+12,01/05/2018,2.64,,,,
7.2E+12,01/08/2018,2.63,,,,
7.2E+12,01/09/2018,2.63,,,,
7.2E+12,01/10/2018,2.63,,,,
7.2E+12,01/11/2018,2.63,,,,
7.2E+12,01/12/2018,2.63,,,,
7.2E+12,01/15/2018,2.63,,,,
7.2E+12,01/16/2018,2.63,,,,
7.2E+12,01/17/2018,2.63,,,,
7.2E+12,01/18/2018,2.63,,,,
7.2E+12,01/19/2018,2.63,,,,
7.2E+12,01/22/2018,2.63,,,,
7.2E+12,01/23/2018,2.63,,,,
7.2E+12,01/24/2018,2.63,,,,
7.2E+12,01/25/2018,2.63,,,,
7.2E+12,01/26/2018,2.63,,,,
7.2E+12,01/29/2018,2.63,,,,
7.2E+12,01/30/2018,2.63,,,,
7.2E+12,01/31/2018,2.63,,,,
7.2E+12,02/01/2018,2.63,,,,
7.2E+12,02/02/2018,2.63,,,,
7.2E+12,02/05/2018,2.615,,,,
7.2E+12,02/06/2018,2.595,,,,
7.2E+12,02/07/2018,2.595,,,,
7.2E+12,02/08/2018,2.59,,,,
7.2E+12,02/09/2018,2.575,,,,
7.2E+12,02/12/2018,2.575,,,,
7.2E+12,02/13/2018,2.575,,,,
7.2E+12,02/14/2018,2.575,,,,
7.2E+12,02/15/2018,2.575,,,,
7.2E+12,02/16/2018,2.59,,,,
7.2E+12,02/19/2018,2.575,,,,
7.2E+12,02/20/2018,2.575,,,,
7.2E+12,02/21/2018,2.59,,,,
7.2E+12,02/22/2018,2.59,,,,
7.2E+12,02/23/2018,2.59,,,,
7.2E+12,02/26/2018,2.59,,,,
7.2E+12,02/27/2018,2.59,,,,
7.2E+12,02/28/2018,2.59,,,,
7.2E+12,03/01/2018,2.59,,,,
7.2E+12,03/02/2018,2.59,,,,
7.2E+12,03/05/2018,2.59,,,,
7.2E+12,03/06/2018,2.59,,,,
7.2E+12,03/07/2018,2.59,,,,
7.2E+12,03/08/2018,2.59,,,,
7.2E+12,03/09/2018,2.59,,,,
7.2E+12,03/12/2018,2.59,,,,
7.2E+12,03/13/2018,2.59,,,,
7.2E+12,03/14/2018,2.59,,,,
7.2E+12,03/15/2018,2.585,,,,
7.2E+12,03/16/2018,2.585,,,,
7.2E+12,03/19/2018,2.59,,,,
7.2E+12,03/20/2018,2.59,,,,
7.2E+12,03/21/2018,2.59,,,,
7.2E+12,03/22/2018,2.585,,,,
7.2E+12,03/23/2018,2.59,,,,
7.2E+12,03/26/2018,2.59,,,,
7.2E+12,03/27/2018,2.59,,,,
7.2E+12,03/28/2018,2.585,,,,
7.2E+12,03/29/2018,2.585,,,,
7.2E+12,03/30/2018,2.59,,,,
7.2E+12,04/02/2018,2.59,,,,
7.2E+12,04/03/2018,2.585,,,,
7.2E+12,04/04/2018,2.585,,,,
7.2E+12,04/05/2018,2.585,,,,
7.2E+12,04/06/2018,2.585,,,,
7.2E+12,04/09/2018,2.59,,,,
7.2E+12,04/10/2018,2.59,,,,
7.2E+12,04/11/2018,2.59,,,,
7.2E+12,04/12/2018,2.59,,,,
7.2E+12,04/13/2018,2.59,,,,
7.2E+12,04/16/2018,2.59,,,,
7.2E+12,04/17/2018,2.59,,,,
7.2E+12,04/18/2018,2.585,,,,
7.2E+12,04/19/2018,2.585,,,,
7.2E+12,04/20/2018,2.585,,,,
7.2E+12,04/23/2018,2.585,,,,
7.2E+12,04/24/2018,2.585,,,,
7.2E+12,04/25/2018,2.585,,,,
7.2E+12,04/26/2018,2.585,,,,
7.2E+12,04/27/2018,2.585,,,,
7.2E+12,04/30/2018,2.59,,,,
7.2E+12,05/01/2018,2.59,,,,
7.2E+12,05/02/2018,2.59,,,,
7.2E+12,05/03/2018,2.59,,,,
7.2E+12,05/04/2018,2.59,,,,
7.2E+12,05/07/2018,2.59,,,,
7.2E+12,05/08/2018,2.59,,,,
7.2E+12,05/09/2018,2.59,,,,
7.2E+12,05/10/2018,2.59,,,,
7.2E+12,05/11/2018,2.59,,,,
7.2E+12,05/14/2018,2.59,,,,
7.2E+12,05/15/2018,2.59,,,,
7.2E+12,05/16/2018,2.59,,,,
7.2E+12,05/17/2018,2.59,,,,
7.2E+12,05/18/2018,2.59,,,,
7.2E+12,05/21/2018,2.59,,,,
7.2E+12,05/22/2018,2.59,,,,
7.2E+12,05/23/2018,2.59,,,,
7.2E+12,05/24/2018,2.585,,,,
7.2E+12,05/25/2018,2.585,,,,
7.2E+12,05/28/2018,2.59,,,,
7.2E+12,05/29/2018,2.59,,,,
7.2E+12,05/30/2018,2.585,,,,
7.2E+12,05/31/2018,2.585,,,,
7.2E+12,06/01/2018,2.585,,,,
7.2E+12,06/04/2018,2.59,,,,
7.2E+12,06/05/2018,2.585,,,,
7.2E+12,06/06/2018,2.585,,,,
7.2E+12,06/07/2018,2.585,,,,
7.2E+12,06/08/2018,2.585,,,,
7.2E+12,06/11/2018,2.59,,,,
7.2E+12,06/12/2018,2.585,,,,
7.2E+12,06/13/2018,2.585,,,,
7.2E+12,06/14/2018,2.585,,,,
7.2E+12,06/15/2018,2.585,,,,
7.2E+12,06/18/2018,2.585,,,,
7.2E+12,06/19/2018,2.585,,,,
7.2E+12,06/20/2018,2.585,,,,
7.2E+12,06/21/2018,2.585,,,,
7.2E+12,06/22/2018,2.585,,,,
7.2E+12,06/25/2018,2.59,,,,
7.2E+12,06/26/2018,2.585,,,,
7.2E+12,06/27/2018,2.595,,,,
7.2E+12,06/28/2018,2.595,,,,
7.2E+12,06/29/2018,2.595,,,,
7.2E+12,07/02/2018,2.595,,,,
7.2E+12,07/03/2018,2.595,,,,
7.2E+12,07/04/2018,2.595,,,,
7.2E+12,07/05/2018,2.595,,,,
7.2E+12,07/06/2018,2.595,,,,
7.2E+12,07/09/2018,2.595,,,,
7.2E+12,07/10/2018,2.595,,,,
7.2E+12,07/11/2018,2.595,,,,
7.2E+12,07/12/2018,2.595,,,,
7.2E+12,07/13/2018,2.595,,,,
7.2E+12,07/16/2018,2.595,,,,
7.2E+12,07/17/2018,2.595,,,,
7.2E+12,07/18/2018,2.595,,,,
7.2E+12,07/19/2018,2.595,,,,
7.2E+12,07/20/2018,2.595,,,,
7.2E+12,07/23/2018,2.595,,,,
7.2E+12,07/24/2018,2.595,,,,
7.2E+12,07/25/2018,2.595,,,,
7.2E+12,07/26/2018,2.595,,,,
7.2E+12,07/27/2018,2.595,,,,
7.2E+12,07/30/2018,2.595,,,,
7.2E+12,07/31/2018,2.595,,,,
7.2E+12,08/01/2018,2.595,,,,
7.2E+12,08/02/2018,2.595,,,,
7.2E+12,08/03/2018,2.595,,,,
7.2E+12,08/06/2018,2.595,,,,
7.2E+12,08/07/2018,2.595,,,,
7.2E+12,08/08/2018,2.595,,,,
7.2E+12,08/09/2018,2.595,,,,
7.2E+12,08/10/2018,2.595,,,,
7.2E+12,08/13/2018,2.595,,,,
7.2E+12,08/14/2018,2.595,,,,
7.2E+12,08/15/2018,2.595,,,,
7.2E+12,08/16/2018,2.595,,,,
7.2E+12,08/17/2018,2.595,,,,
7.2E+12,08/20/2018,2.595,,,,
7.2E+12,08/21/2018,2.595,,,,
7.2E+12,08/22/2018,2.605,,,,
7.2E+12,08/23/2018,2.605,,,,
7.2E+12,08/24/2018,2.6,,,,
7.2E+12,08/27/2018,2.6,,,,
7.2E+12,08/28/2018,2.6,,,,
7.2E+12,08/29/2018,2.6,,,,
7.2E+12,08/30/2018,2.6,,,,
7.2E+12,08/31/2018,2.6,,,,
7.2E+12,09/03/2018,2.6,,,,
7.2E+12,09/04/2018,2.6,,,,
7.2E+12,09/05/2018,2.6,,,,
7.2E+12,09/06/2018,2.6,,,,
7.2E+12,09/07/2018,2.6,,,,
7.2E+12,09/10/2018,2.6,,,,
7.2E+12,09/11/2018,2.6,,,,
7.2E+12,09/12/2018,2.6,,,,
7.2E+12,09/13/2018,2.6,,,,
7.2E+12,09/14/2018,2.6,,,,
7.2E+12,09/17/2018,2.6,,,,
7.2E+12,09/18/2018,2.6,,,,
7.2E+12,09/19/2018,2.6,,,,
7.2E+12,09/20/2018,2.6,,,,
7.2E+12,09/21/2018,2.6,,,,
7.2E+12,09/24/2018,2.6,,,,
7.2E+12,09/25/2018,2.6,,,,
7.2E+12,09/26/2018,2.6,,,,
7.2E+12,09/27/2018,2.6,,,,
7.2E+12,09/28/2018,2.6,,,,
7.2E+12,10/01/2018,2.6,,,,
7.2E+12,10/02/2018,2.6,,,,
7.2E+12,10/03/2018,2.6,,,,
7.2E+12,10/04/2018,2.6,,,,
7.2E+12,10/05/2018,2.6,,,,
7.2E+12,10/08/2018,2.605,,,,
7.2E+12,10/09/2018,2.605,,,,
7.2E+12,10/10/2018,2.605,,,,
7.2E+12,10/11/2018,2.605,,,,
7.2E+12,10/12/2018,2.605,,,,
7.2E+12,10/15/2018,2.605,,,,
7.2E+12,10/16/2018,2.605,,,,
7.2E+12,10/17/2018,2.605,,,,
7.2E+12,10/18/2018,2.605,,,,
7.2E+12,10/19/2018,2.615,,,,
7.2E+12,10/22/2018,2.615,,,,
7.2E+12,10/23/2018,2.615,,,,
7.2E+12,10/24/2018,2.615,,,,
7.2E+12,10/25/2018,2.615,,,,
7.2E+12,10/26/2018,2.615,,,,
7.2E+12,10/29/2018,2.615,,,,
7.2E+12,10/30/2018,2.615,,,,
7.2E+12,10/31/2018,2.615,,,,
7.2E+12,11/01/2018,2.615,,,,
7.2E+12,11/02/2018,2.615,,,,
7.2E+12,11/05/2018,2.615,,,,
7.2E+12,11/06/2018,2.615,,,,
7.2E+12,11/07/2018,2.615,,,,
7.2E+12,11/08/2018,2.615,,,,
7.2E+12,11/09/2018,2.615,,,,
7.2E+12,11/12/2018,2.615,,,,
7.2E+12,11/13/2018,2.615,,,,
7.2E+12,11/14/2018,2.615,,,,
7.2E+12,11/15/2018,2.625,,,,
7.2E+12,11/16/2018,2.625,,,,
7.2E+12,11/19/2018,2.625,,,,
7.2E+12,11/20/2018,2.625,,,,
7.2E+12,11/21/2018,2.625,,,,
7.2E+12,11/22/2018,2.625,,,,
7.2E+12,11/23/2018,2.625,,,,
7.2E+12,11/26/2018,2.625,,,,
7.2E+12,11/27/2018,2.625,,,,
7.2E+12,11/28/2018,2.625,,,,
7.2E+12,11/29/2018,2.625,,,,
7.2E+12,11/30/2018,2.625,,,,
7.2E+12,12/03/2018,2.625,,,,
7.2E+12,12/04/2018,2.625,,,,
7.2E+12,12/05/2018,2.625,,,,
7.2E+12,12/06/2018,2.625,,,,
7.2E+12,12/07/2018,2.625,,,,
7.2E+12,12/10/2018,2.625,,,,
7.2E+12,12/11/2018,2.625,,,,
7.2E+12,12/12/2018,2.62,,,,
7.2E+12,12/13/2018,2.62,,,,
7.2E+12,12/14/2018,2.62,,,,
7.2E+12,12/17/2018,2.635,,,,
7.2E+12,12/18/2018,2.635,,,,
7.2E+12,12/19/2018,2.635,,,,
7.2E+12,12/20/2018,2.62,,,,
7.2E+12,12/21/2018,2.635,,,,
7.2E+12,12/24/2018,2.635,,,,
7.2E+12,12/25/2018,2.62,,,,
7.2E+12,12/26/2018,2.62,,,,
7.2E+12,12/27/2018,2.62,,,,
7.2E+12,12/28/2018,2.635,,,,
7.2E+12,12/31/2018,2.635,,,,
7.2E+12,01/01/2019,2.62,,,,
7.2E+12,01/02/2019,2.62,,,,
7.2E+12,01/03/2019,2.62,,,,
7.2E+12,01/04/2019,2.62,,,,
7.2E+12,01/07/2019,2.62,,,,
7.2E+12,01/08/2019,2.62,,,,
7.2E+12,01/09/2019,2.635,,,,
7.2E+12,01/10/2019,2.62,,,,
7.2E+12,01/11/2019,2.62,,,,
7.2E+12,01/14/2019,2.62,,,,
7.2E+12,01/15/2019,2.365,,,,
7.2E+12,01/16/2019,2.365,,,,
7.2E+12,01/17/2019,2.365,,,,
7.2E+12,01/18/2019,2.365,,,,
7.2E+12,01/21/2019,2.365,,,,
7.2E+12,01/22/2019,2.365,,,,
7.2E+12,01/23/2019,2.365,,,,
7.2E+12,01/24/2019,2.365,,,,
7.2E+12,01/25/2019,2.365,,,,
7.2E+12,01/28/2019,2.365,,,,
7.2E+12,01/29/2019,2.365,,,,
7.2E+12,01/30/2019,2.365,,,,
7.2E+12,01/31/2019,2.365,,,,
7.2E+12,02/01/2019,2.365,,,,
7.2E+12,02/04/2019,2.365,,,,
7.2E+12,02/05/2019,2.365,,,,
7.2E+12,02/06/2019,2.365,,,,
7.2E+12,02/07/2019,2.38,,,,
7.2E+12,02/08/2019,2.38,,,,
7.2E+12,02/11/2019,2.38,,,,
7.2E+12,02/12/2019,2.38,,,,
7.2E+12,02/13/2019,2.38,,,,
7.2E+12,02/14/2019,2.38,,,,
7.2E+12,02/15/2019,2.38,,,,
7.2E+12,02/18/2019,2.38,,,,
7.2E+12,02/19/2019,2.38,,,,
7.2E+12,02/20/2019,2.38,,,,
7.2E+12,02/21/2019,2.38,,,,
7.2E+12,02/22/2019,2.38,,,,
7.2E+12,02/25/2019,2.38,,,,
7.2E+12,02/26/2019,2.38,,,,
7.2E+12,02/27/2019,2.38,,,,
7.2E+12,02/28/2019,2.38,,,,
7.2E+12,03/01/2019,2.38,,,,
7.2E+12,03/04/2019,2.38,,,,
7.2E+12,03/05/2019,2.38,,,,
7.2E+12,03/06/2019,2.38,,,,
7.2E+12,03/07/2019,2.38,,,,
7.2E+12,03/08/2019,2.38,,,,
7.2E+12,03/11/2019,2.38,,,,
7.2E+12,03/12/2019,2.38,,,,
7.2E+12,03/13/2019,2.38,,,,
7.2E+12,03/14/2019,2.38,,,,
7.2E+12,03/15/2019,2.38,,,,
7.2E+12,03/18/2019,2.38,,,,
7.2E+12,03/19/2019,2.38,,,,
7.2E+12,03/20/2019,2.38,,,,
7.2E+12,03/21/2019,2.38,,,,
7.2E+12,03/22/2019,2.38,,,,
7.2E+12,03/25/2019,2.38,,,,
7.2E+12,03/26/2019,2.38,,,,
7.2E+12,03/27/2019,2.38,,,,
7.2E+12,03/28/2019,2.38,,,,
7.2E+12,03/29/2019,2.38,,,,
7.2E+12,04/01/2019,2.38,,,,
7.2E+12,04/02/2019,2.38,,,,
7.2E+12,04/03/2019,2.38,,,,
7.2E+12,04/04/2019,2.38,,,,
7.2E+12,04/05/2019,2.38,,,,
7.2E+12,04/08/2019,2.38,,,,
7.2E+12,04/09/2019,2.38,,,,
7.2E+12,04/10/2019,2.38,,,,
7.2E+12,04/11/2019,2.38,,,,
7.2E+12,04/12/2019,2.38,,,,
7.2E+12,04/15/2019,2.38,,,,
7.2E+12,04/16/2019,2.38,,,,
7.2E+12,04/17/2019,2.38,,,,
7.2E+12,04/18/2019,2.38,,,,
7.2E+12,04/19/2019,2.37,,,,
7.2E+12,04/22/2019,2.37,,,,
7.2E+12,04/23/2019,2.37,,,,
7.2E+12,04/24/2019,2.37,,,,
7.2E+12,04/25/2019,2.37,,,,
7.2E+12,04/26/2019,2.37,,,,
7.2E+12,04/29/2019,2.37,,,,
7.2E+12,04/30/2019,2.37,,,,
7.2E+12,05/01/2019,2.37,,,,
7.2E+12,05/02/2019,2.37,,,,
7.2E+12,05/03/2019,2.37,,,,
7.2E+12,05/06/2019,2.37,,,,
7.2E+12,05/07/2019,2.37,,,,
7.2E+12,05/08/2019,2.37,,,,
7.2E+12,05/09/2019,2.37,,,,
7.2E+12,05/10/2019,2.37,,,,
7.2E+12,05/13/2019,2.37,,,,
7.2E+12,05/14/2019,2.37,,,,
7.2E+12,05/15/2019,2.37,,,,
7.2E+12,05/16/2019,2.37,,,,
7.2E+12,05/17/2019,2.37,,,,
7.2E+12,05/20/2019,2.37,,,,
7.2E+12,05/21/2019,2.365,,,,
7.2E+12,05/22/2019,2.365,,,,
7.2E+12,05/23/2019,2.365,,,,
7.2E+12,05/24/2019,2.365,,,,
7.2E+12,05/27/2019,2.365,,,,
7.2E+12,05/28/2019,2.365,,,,
7.2E+12,05/29/2019,2.365,,,,
7.2E+12,05/30/2019,2.365,,,,
7.2E+12,05/31/2019,2.365,,,,
7.2E+12,06/03/2019,2.365,,,,
7.2E+12,06/04/2019,2.365,,,,
7.2E+12,06/05/2019,2.365,,,,
7.2E+12,06/06/2019,2.365,,,,
7.2E+12,06/07/2019,2.365,,,,
7.2E+12,06/10/2019,2.365,,,,
7.2E+12,06/11/2019,2.365,,,,
7.2E+12,06/12/2019,2.365,,,,
7.2E+12,06/13/2019,2.365,,,,
7.2E+12,06/14/2019,2.365,,,,
7.2E+12,06/17/2019,2.365,,,,
7.2E+12,06/18/2019,2.365,,,,
7.2E+12,06/19/2019,2.365,,,,
7.2E+12,06/20/2019,2.365,,,,
7.2E+12,06/21/2019,2.365,,,,
7.2E+12,06/24/2019,2.365,,,,
7.2E+12,06/25/2019,2.365,,,,
7.2E+12,06/26/2019,2.365,,,,
7.2E+12,06/27/2019,2.41,,,,
7.2E+12,06/28/2019,2.41,,,,
7.2E+12,07/01/2019,2.41,,,,
7.2E+12,07/02/2019,2.41,,,,
7.2E+12,07/03/2019,2.41,,,,
7.2E+12,07/04/2019,2.41,,,,
7.2E+12,07/05/2019,2.41,,,,
7.2E+12,07/08/2019,2.41,,,,
7.2E+12,07/09/2019,2.41,,,,
7.2E+12,07/10/2019,2.41,,,,
7.2E+12,07/11/2019,2.41,,,,
7.2E+12,07/12/2019,2.41,,,,
7.2E+12,07/15/2019,2.41,,,,
7.2E+12,07/16/2019,2.41,,,,
7.2E+12,07/17/2019,2.41,,,,
7.2E+12,07/18/2019,2.41,,,,
7.2E+12,07/19/2019,2.41,,,,
7.2E+12,07/22/2019,2.41,,,,
7.2E+12,07/23/2019,2.405,,,,
7.2E+12,07/24/2019,2.405,,,,
7.2E+12,07/25/2019,2.405,,,,
7.2E+12,07/26/2019,2.405,,,,
7.2E+12,07/29/2019,2.405,,,,
7.2E+12,07/30/2019,2.405,,,,
7.2E+12,07/31/2019,2.405,,,,
7.2E+12,08/01/2019,2.33,,,,
7.2E+12,08/02/2019,2.33,,,,
7.2E+12,08/05/2019,2.33,,,,
7.2E+12,08/06/2019,2.33,,,,
7.2E+12,08/07/2019,2.33,,,,
7.2E+12,08/08/2019,2.33,,,,
7.2E+12,08/09/2019,2.33,,,,
7.2E+12,08/12/2019,2.33,,,,
7.2E+12,08/13/2019,2.33,,,,
7.2E+12,08/14/2019,2.33,,,,
7.2E+12,08/15/2019,2.33,,,,
7.2E+12,08/16/2019,2.055,,,,
7.2E+12,08/19/2019,2.055,,,,
7.2E+12,08/20/2019,2.055,,,,
7.2E+12,08/21/2019,2.07,,,,
7.2E+12,08/22/2019,2.07,,,,
7.2E+12,08/23/2019,2.07,,,,
7.2E+12,08/26/2019,2.07,,,,
7.2E+12,08/27/2019,2.07,,,,
7.2E+12,08/28/2019,2.07,,,,
7.2E+12,08/29/2019,2.07,,,,
7.2E+12,08/30/2019,2.07,,,,
7.2E+12,09/02/2019,2.07,,,,
7.2E+12,09/03/2019,2.07,,,,
7.2E+12,09/04/2019,2.07,,,,
7.2E+12,09/05/2019,2.07,,,,
7.2E+12,09/06/2019,2.07,,,,
7.2E+12,09/09/2019,2.07,,,,
7.2E+12,09/10/2019,2.07,,,,
7.2E+12,09/11/2019,2.07,,,,
7.2E+12,09/12/2019,2.055,,,,
7.2E+12,09/13/2019,2.055,,,,
7.2E+12,09/16/2019,2.055,,,,
7.2E+12,09/17/2019,2.055,,,,
7.2E+12,09/18/2019,2.055,,,,
7.2E+12,09/19/2019,2.055,,,,
7.2E+12,09/20/2019,2.055,,,,
7.2E+12,09/23/2019,2.055,,,,
7.2E+12,09/24/2019,2.055,,,,
7.2E+12,09/25/2019,2.055,,,,
7.2E+12,09/26/2019,2.055,,,,
7.2E+12,09/27/2019,2.055,,,,
7.2E+12,09/30/2019,2.055,,,,
7.2E+12,10/01/2019,2.055,,,,
7.2E+12,10/02/2019,2.055,,,,
7.2E+12,10/03/2019,2.055,,,,
7.2E+12,10/04/2019,2.055,,,,
7.2E+12,10/07/2019,2.055,,,,
7.2E+12,10/08/2019,2.055,,,,
7.2E+12,10/09/2019,2.055,,,,
7.2E+12,10/10/2019,2.055,,,,
7.2E+12,10/11/2019,2.055,,,,
7.2E+12,10/14/2019,2.055,,,,
7.2E+12,10/15/2019,2.055,,,,
7.2E+12,10/16/2019,2.055,,,,
7.2E+12,10/17/2019,2.055,,,,
7.2E+12,10/18/2019,2.055,,,,
7.2E+12,10/21/2019,2.055,,,,
7.2E+12,10/22/2019,2.055,,,,
7.2E+12,10/23/2019,2.055,,,,
7.2E+12,10/24/2019,2.055,,,,
7.2E+12,10/25/2019,2.055,,,,
7.2E+12,10/28/2019,2.055,,,,
7.2E+12,10/29/2019,2.055,,,,
7.2E+12,10/30/2019,2.055,,,,
7.2E+12,10/31/2019,2.055,,,,
7.2E+12,11/01/2019,2.055,,,,
7.2E+12,11/04/2019,2.055,,,,
7.2E+12,11/05/2019,2.055,,,,
7.2E+12,11/06/2019,2.315,,,,
7.2E+12,11/07/2019,2.315,,,,
7.2E+12,11/08/2019,2.315,,,,
7.2E+12,11/11/2019,2.315,,,,
7.2E+12,11/12/2019,2.315,,,,
7.2E+12,11/13/2019,2.315,,,,
7.2E+12,11/14/2019,2.315,,,,
7.2E+12,11/15/2019,2.315,,,,
7.2E+12,11/18/2019,,,,,
